,Converted Cost,Electric Price,Land Value,Economic Activity,Station Count,Sales Tax,Density,Population,Num EVs,ZIP
0,0.15481620606385832,0.36734008216717234,0.10704490332524877,0.06454758894757132,0.20238095238095238,0.15109890109890112,0.03165012882904139,0.4117209154985349,0.029170351158972103,53703.0
1,0.15481620606385832,0.34864774543049315,0.035485187116077704,0.03955479482757541,0.047619047619047616,0.15109890109890112,0.04357622681330634,0.3431218816821098,0.032580771028775095,53562.0
2,0.07432251140327341,0.0,0.061314232608744926,0.14710111608595275,0.19047619047619047,0.0,0.1476839861082009,0.6743169398907104,0.19330700389093905,97123.0
3,0.07432251140327341,0.0,0.061314232608744926,0.14710111608595275,0.19047619047619047,0.0,0.1476839861082009,0.6743169398907104,0.19330700389093905,97123.0
4,0.0474912798497451,0.008768076012059057,0.057914182741346874,0.01275356822204146,0.07142857142857142,0.2774725274725275,0.4470686400215655,0.38294131622713234,0.3352959743020034,98027.0
5,0.15481620606385832,0.34864774543049315,0.033921164177074595,0.03955479482757541,0.09523809523809523,0.15109890109890112,0.03399637667368242,0.4200997861724875,0.03162606660474715,53719.0
6,0.15481620606385832,0.34864774543049315,0.035485187116077704,0.03955479482757541,0.047619047619047616,0.15109890109890112,0.04357622681330634,0.3431218816821098,0.032580771028775095,53562.0
7,0.15481620606385832,0.21956488720809336,0.20639436045061993,0.0993826286661348,0.23809523809523808,0.22664835164835168,0.32887719229980295,0.6359863783955017,0.3992570209967451,78704.0
8,0.15481620606385832,0.34864774543049315,0.035485187116077704,0.03955479482757541,0.047619047619047616,0.15109890109890112,0.04357622681330634,0.3431218816821098,0.032580771028775095,53562.0
9,0.034075664072980946,0.2606323013192301,0.010143482104404198,0.02116126080720309,0.08333333333333333,0.16483516483516483,0.022462868671758705,0.6812861328898392,0.03545691262776547,49423.0
10,0.15481620606385832,0.21956488720809336,0.16899381190924134,0.0993826286661348,0.35714285714285715,0.22664835164835168,0.4069714449120075,0.3068028827116496,0.24929747151365556,78702.0
11,0.15481620606385832,0.21956488720809336,0.05468413536731872,0.0993826286661348,0.10714285714285714,0.22664835164835168,0.133515311617468,0.8497663736437792,0.21913549712058472,78745.0
12,0.15481620606385832,0.32007208963884975,0.04043792642292087,0.0993826286661348,0.03571428571428571,0.22664835164835168,0.18505527780869777,0.39162112932604737,0.14396788711670502,78727.0
13,0.15481620606385832,0.34864774543049315,0.04005258743794909,0.06454758894757132,0.047619047619047616,0.15109890109890112,0.03160784274659252,0.6931812782133523,0.04791831759012185,53711.0
14,0.12798497451033,0.0,0.08015050887413015,0.14710111608595275,0.05952380952380952,0.0,0.13046175469678217,0.3633800586045775,0.09575177891040877,97005.0
15,0.0474912798497451,0.008768076012059057,0.04756669764489879,0.01275356822204146,0.16666666666666666,0.2774725274725275,0.0975095527857007,0.3349489189831314,0.06721812719057944,98188.0
16,0.15481620606385832,0.14729847388455677,0.3900423872883469,0.6993457469967524,0.011904761904761904,0.18200549450549453,0.16336369610469528,0.051081016868614874,0.024465619914132195,8542.0
17,0.07432251140327341,0.008768076012059057,0.09933812362581318,0.0017528904999257692,0.03571428571428571,0.2774725274725275,0.7246645951564163,0.2969984952878752,0.42873464200113987,98075.0
18,0.11456935873356584,0.3040967816785703,0.024174354557200173,0.018024551503430616,0.023809523809523808,0.19574175824175824,0.11278538204093388,0.3811831789023521,0.08703961979939223,55123.0
19,0.12798497451033,0.14729847388455677,0.02526237051476755,0.6993457469967524,0.07142857142857142,0.18200549450549453,0.42587413386499606,0.32169161320978856,0.27224350186360535,8002.0
20,0.15481620606385832,0.4205792920696063,0.021760319151347553,0.036716186687519456,0.05952380952380952,0.22664835164835168,0.22599804033252938,0.5388611705076424,0.2360503668803612,78665.0
21,0.15481620606385832,0.36734008216717234,0.025625042500623342,0.06454758894757132,0.047619047619047616,0.15109890109890112,0.018493512648453562,0.26063197909242103,0.012202750197878602,53716.0
22,0.11456935873356584,0.2192106147934117,0.0711743772241993,0.01275356822204146,0.13095238095238096,0.28296703296703296,0.11625888683650774,0.06956521739130435,0.02156772982825329,98402.0
23,0.11456935873356584,0.2192106147934117,0.0711743772241993,0.01275356822204146,0.13095238095238096,0.28296703296703296,0.11625888683650774,0.06956521739130435,0.02156772982825329,98402.0
24,0.18057418835524544,0.7602753031137798,0.010234150100868146,0.011504917179337297,0.047619047619047616,0.19230769230769232,0.15587373247060163,0.13505979250811753,0.04765663160297474,5753.0
25,0.15481620606385832,0.2917382454694288,0.014438878436883741,0.03360667017064725,0.047619047619047616,0.2026098901098901,0.06885981263608511,0.3585649798051794,0.05158720987183012,55057.0
26,0.2567748859672659,0.36734008216717234,0.04935739057506177,0.06454758894757132,0.03571428571428571,0.15109890109890112,0.054328634636200086,0.3410152847073731,0.03956098955385965,53705.0
27,0.07351757445666755,0.06771571659680066,0.020898973184940047,0.0017528904999257692,0.07142857142857142,0.24175824175824176,0.08199700224469197,0.42374277342203215,0.07098653250834275,98273.0
28,0.034075664072980946,0.7602753031137798,0.0090894666455108,0.011504917179337297,0.0,0.16483516483516483,0.14170533095513044,0.06248515086718936,0.02428723455824874,5491.0
29,0.15481620606385832,0.1731062718443265,0.025727043996645285,0.0993826286661348,0.15476190476190477,0.22664835164835168,0.07207587263486019,0.6471212481191099,0.09399998104065554,78744.0
30,0.26214113227797153,0.2917027499004977,0.0615409025999048,0.001097572680393678,0.011904761904761904,0.2438186813186813,0.07045932290413089,0.0075710778490536155,0.00485970612525408,55802.0
31,0.15481620606385832,0.21956488720809336,0.16899381190924134,0.0993826286661348,0.35714285714285715,0.22664835164835168,0.4069714449120075,0.3068028827116496,0.24929747151365556,78702.0
32,0.08934800107324925,0.7252178447597702,0.011061495568601672,0.011504917179337297,0.11904761904761904,0.16483516483516483,0.1936673502186572,0.03722182624534727,0.023978898848826584,5672.0
33,0.15481620606385832,0.18431007941010444,0.034907178638620036,0.0993826286661348,0.047619047619047616,0.22664835164835168,1.0,0.16108339272986458,0.34573557942351035,78738.0
34,0.07432251140327341,0.122418847874158,0.01157150304871138,0.006734303560479251,0.0,0.0,0.0322041044340269,0.40403896412449514,0.02908888745850818,97420.0
35,0.15481620606385832,0.10155763669234161,0.2935489720515901,0.0017528904999257692,1.0,0.2802197802197802,0.7794189886160202,0.41153084659855865,0.6219433360681073,98004.0
36,0.2607995707002951,0.42884061946218704,0.1442301153750255,0.16542021924802297,0.03571428571428571,0.17445054945054947,0.08509460885325937,0.2972677595628415,0.05295511465144356,6820.0
37,0.15481620606385832,0.12995223749567972,0.09642541423940884,0.27927663183519735,0.0,0.18200549450549453,0.11033244883194872,0.21927615427259048,0.05159711501171427,7081.0
38,0.09344781325462838,0.6801487176827907,0.07943649840197656,0.011504917179337297,0.21428571428571427,0.19230769230769232,0.1793868468962438,0.4153163855230855,0.1475288376114671,5401.0
39,0.14944995975315264,0.3386956202549317,0.01179817303987125,0.05008623672122334,0.0,0.15109890109890112,0.036957611361019375,0.06897917161637761,0.007225027059478738,53097.0
40,0.15481620606385832,0.21956488720809336,0.030113108325588774,0.0993826286661348,0.07142857142857142,0.22664835164835168,0.05161935818639286,0.7497742931812782,0.07968105743578396,78753.0
41,0.11456935873356584,0.3018341000819559,0.016456241358206586,0.06454758894757132,0.0,0.15109890109890112,0.015711580162053398,0.1843985111269502,0.00783256623840561,53532.0
42,0.11456935873356584,0.2871367580529067,0.517351587823288,0.0017528904999257692,0.6071428571428571,0.2815934065934066,0.5795872969609139,0.2969984952878752,0.34348450764828403,98109.0
43,0.15481620606385832,0.10155763669234161,0.2935489720515901,0.0017528904999257692,1.0,0.2802197802197802,0.7794189886160202,0.41153084659855865,0.6219433360681073,98004.0
44,0.15481620606385832,0.2871367580529067,0.4159507672779201,0.0017528904999257692,0.10714285714285714,0.2815934065934066,0.26763767907065145,0.664607586916924,0.34010109288552987,98105.0
45,0.15481620606385832,0.2871367580529067,0.4159507672779201,0.0017528904999257692,0.10714285714285714,0.2815934065934066,0.26763767907065145,0.664607586916924,0.34010109288552987,98105.0
46,0.15481620606385832,0.36734008216717234,0.10704490332524877,0.06454758894757132,0.20238095238095238,0.15109890109890112,0.03165012882904139,0.4117209154985349,0.029170351158972103,53703.0
47,0.15481620606385832,0.34864774543049315,0.04005258743794909,0.06454758894757132,0.047619047619047616,0.15109890109890112,0.03160784274659252,0.6931812782133523,0.04791831759012185,53711.0
48,0.23530990072444322,0.0,0.12834054899471858,0.016050382148844772,0.03571428571428571,0.0,0.11852070281459706,0.46056862279242894,0.1089285998446272,97203.0
49,0.19506305339415075,0.14729847388455677,0.04558333522224993,0.6993457469967524,0.011904761904761904,0.18200549450549453,0.0757637010558937,0.262976162192128,0.04246756768283511,8690.0
50,0.034075664072980946,0.18561099776628387,0.0930140308724528,0.0017528904999257692,0.0,0.29120879120879123,0.2692190956411979,0.289728359863784,0.15752743270972092,98275.0
51,0.15481620606385832,0.36734008216717234,0.025625042500623342,0.06454758894757132,0.047619047619047616,0.15109890109890112,0.018493512648453562,0.26063197909242103,0.012202750197878602,53716.0
52,0.15481620606385832,0.36734008216717234,0.025625042500623342,0.06454758894757132,0.047619047619047616,0.15109890109890112,0.018493512648453562,0.26063197909242103,0.012202750197878602,53716.0
53,0.10115374295680171,0.11260600110680258,0.016229571367046718,0.08815680672102968,0.011904761904761904,0.18200549450549453,0.14198382190980038,0.4496713391937911,0.12670805029970117,8822.0
54,0.07432251140327341,1.0,0.004499399324523427,0.004753926317579569,0.03571428571428571,0.16483516483516483,0.06658846028613614,0.24083313534489587,0.034770292935218765,5641.0
55,0.15481620606385832,0.21956488720809336,0.20639436045061993,0.0993826286661348,0.23809523809523808,0.22664835164835168,0.32887719229980295,0.6359863783955017,0.3992570209967451,78704.0
56,0.19506305339415075,0.10155763669234161,0.2935489720515901,0.0017528904999257692,1.0,0.2802197802197802,0.7794189886160202,0.41153084659855865,0.6219433360681073,98004.0
57,0.07432251140327341,0.0,0.05097808101185484,0.14710111608595275,0.0,0.0,0.10913299395570558,0.5229270610596342,0.11348125614151695,97222.0
58,0.04212503353903944,0.10155763669234161,0.12945123195140196,0.0017528904999257692,0.047619047619047616,0.2802197802197802,0.4172540879717259,0.6089015601488873,0.484329163792202,98034.0
59,0.14944995975315264,0.008768076012059057,0.043123965818165334,0.03559938338842333,0.03571428571428571,0.25274725274725274,0.6217830303821843,0.33358675853330166,0.40939362017581654,98110.0
60,0.1105446740005366,0.5061196085466301,0.019595620735770793,0.16542021924802297,0.0,0.17445054945054947,0.050993709707419906,0.32329135978458856,0.03554037748888578,6437.0
61,0.15481620606385832,0.34816874433795525,0.004692068817009316,0.010733444626769522,0.0,0.21634615384615385,0.028533610386077303,0.2014888730498139,0.013827667124826328,55008.0
62,0.07432251140327341,0.043146286306656165,0.019198948251241018,0.14710111608595275,0.023809523809523808,0.0,0.06702663726217117,0.13214540270848182,0.02083672080361219,97351.0
63,0.0474912798497451,0.008768076012059057,0.043123965818165334,0.03559938338842333,0.03571428571428571,0.25274725274725274,0.6217830303821843,0.33358675853330166,0.40939362017581654,98110.0
64,0.034075664072980946,0.3040967816785703,0.021964322143391436,0.018024551503430616,0.03571428571428571,0.21634615384615385,0.04715743589426026,0.466935930941633,0.04669095837196401,55109.0
65,0.15481620606385832,0.21956488720809336,0.08744928258947798,0.0993826286661348,0.30952380952380953,0.22664835164835168,0.5613805213640882,0.3954066682505742,0.4327212805984497,78746.0
66,0.07432251140327341,0.3040967816785703,0.017702926309585875,0.018024551503430616,0.0,0.220467032967033,0.03062176173531858,0.30955888176130514,0.021718047062373416,55430.0
67,0.013952240407834719,0.016441463855166677,0.002584037899222522,0.01406661226554755,0.011904761904761904,0.7692307692307693,0.038286192239359876,0.3245584857844302,0.02757452842585704,13820.0
68,0.07432251140327341,0.008768076012059057,0.16891447741233537,0.0017528904999257692,0.03571428571428571,0.2774725274725275,0.4906477388000838,0.35553971648055754,0.34325581721925985,98008.0
69,0.034075664072980946,1.0,0.004499399324523427,0.004753926317579569,0.03571428571428571,0.16483516483516483,0.06658846028613614,0.24083313534489587,0.034770292935218765,5641.0
70,0.23691977461765493,0.12995223749567972,0.03134845977741007,0.6993457469967524,0.011904761904761904,0.18200549450549453,0.19026638728971865,0.5765898471529263,0.2128143167583456,8844.0
71,0.0474912798497451,0.008768076012059057,0.07084570573701747,0.01275356822204146,0.11904761904761904,0.2774725274725275,0.23875875881266787,0.29044111823869484,0.14033696493578632,98166.0
72,0.12798497451033,0.0,0.030498447310560554,0.14710111608595275,0.03571428571428571,0.0,0.031213602277503204,0.4251049338718619,0.029707799957625382,97071.0
73,0.10651998926750737,0.0,0.25628442550490743,0.016050382148844772,0.09523809523809523,0.0,0.32844284906641297,0.15059792508117525,0.10830968734551,97232.0
74,0.07700563455862623,0.11260600110680258,0.03914590747330961,0.27927663183519735,0.011904761904761904,0.18200549450549453,0.16161182855739742,0.249592143818801,0.08367335112730716,7834.0
75,0.10115374295680171,0.0,0.21291112269646623,0.016050382148844772,0.023809523809523808,0.0,0.4512740499587421,0.1413320662073335,0.1406994414659769,97210.0
76,0.15481620606385832,0.06771571659680066,0.09369404084593241,0.0017528904999257692,0.17857142857142858,0.28846153846153844,0.266228666441771,0.4315831155460521,0.2248811133626787,98011.0
77,0.215186477059297,0.31689335356040604,0.08681460661423034,0.07413291572191968,0.0,0.18200549450549453,0.05836571875854591,0.2628177714421478,0.033286120929385786,8204.0
78,0.09344781325462838,0.6801487176827907,0.07943649840197656,0.011504917179337297,0.21428571428571427,0.19230769230769232,0.1793868468962438,0.4153163855230855,0.1475288376114671,5401.0
79,0.08934800107324925,0.7252178447597702,0.011061495568601672,0.011504917179337297,0.11904761904761904,0.16483516483516483,0.1936673502186572,0.03722182624534727,0.023978898848826584,5672.0
80,0.1592433592701905,0.26475696352579187,0.11126096516082236,0.010494835507124408,0.5595238095238095,0.9837912087912087,0.10209868115265061,0.467712045616536,0.09584646913674282,80204.0
81,0.07432251140327341,0.3223970503173084,0.021000974680961987,0.04118860445063861,0.023809523809523808,0.9945054945054945,0.12570947691602757,0.0,0.006905817734130004,80447.0
82,0.07432251140327341,0.3040967816785703,0.046195344198381574,0.018024551503430616,0.09523809523809523,0.21634615384615385,0.1551601378838509,0.2572740951928407,0.08264240606783647,55102.0
83,0.07432251140327341,0.7252178447597702,0.02052496769952626,0.011504917179337297,0.011904761904761904,0.19230769230769232,0.1453651046549367,0.28108022491486495,0.08402215140095645,5452.0
84,0.1797692514086396,0.14729847388455677,1.0,0.27927663183519735,0.16666666666666666,0.18200549450549453,0.18156284355851704,0.5446741110319158,0.192640818975988,7302.0
85,0.07432251140327341,0.10155763669234161,0.25954847337760956,0.0017528904999257692,0.08333333333333333,0.2774725274725275,0.8632836357842938,0.3284232200839471,0.5590932420077102,98040.0
86,0.08934800107324925,0.7252178447597702,0.011061495568601672,0.011504917179337297,0.11904761904761904,0.16483516483516483,0.1936673502186572,0.03722182624534727,0.023978898848826584,5672.0
87,0.046954655218674535,0.31450606142789456,0.027245732937416417,0.018024551503430616,0.0,0.2026098901098901,0.12013355722705044,0.3375782054328027,0.08264240606783647,55449.0
88,0.24255433324389586,0.3051828156445249,0.008590792664959086,0.10665467203146257,0.03571428571428571,0.9656593406593407,0.019814669952637403,0.08963332541379583,0.005094148536202639,81211.0
89,0.06198014488865038,0.7252178447597702,0.011061495568601672,0.011504917179337297,0.11904761904761904,0.16483516483516483,0.1936673502186572,0.03722182624534727,0.023978898848826584,5672.0
90,0.07432251140327341,0.008768076012059057,0.03922524197021556,0.03559938338842333,0.0,0.23626373626373626,0.1530859273070151,0.03437079274570365,0.018202252384288516,98257.0
91,0.12798497451033,0.30811900384492885,0.0720243896910488,0.010494835507124408,0.14285714285714285,0.9850274725274725,0.39350718588358147,0.3866951770016631,0.2982616868622286,80026.0
92,0.12141132277971556,0.3508069224913138,0.09239068839676315,0.0,0.09523809523809523,0.9725274725274725,0.09644771393139942,0.23411736754573534,0.04808464543721641,80487.0
93,0.05822377247115643,0.04013600117461853,0.022383661627037196,0.00546340512153682,0.011904761904761904,0.16483516483516483,0.07070815161894378,0.2790528233151184,0.04200344116808676,48098.0
94,0.15481620606385832,0.10155763669234161,0.2935489720515901,0.0017528904999257692,1.0,0.2802197802197802,0.7794189886160202,0.41153084659855865,0.6219433360681073,98004.0
95,0.0034880601019586788,0.013195662727575051,0.006052088763968538,0.0024086081191253368,0.0,0.0,0.0016838294497794658,0.0003009424249623822,0.0,97836.0
96,0.034075664072980946,0.008768076012059057,0.0793684974046286,0.01275356822204146,0.21428571428571427,0.2774725274725275,0.25600849134865694,0.13699215965787598,0.0783619072747471,98057.0
97,0.034075664072980946,0.008768076012059057,0.0793684974046286,0.01275356822204146,0.21428571428571427,0.2774725274725275,0.25600849134865694,0.13699215965787598,0.0783619072747471,98057.0
98,0.034075664072980946,0.008768076012059057,0.0793684974046286,0.01275356822204146,0.21428571428571427,0.2774725274725275,0.25600849134865694,0.13699215965787598,0.0783619072747471,98057.0
99,0.034075664072980946,0.008768076012059057,0.0793684974046286,0.01275356822204146,0.21428571428571427,0.2774725274725275,0.25600849134865694,0.13699215965787598,0.0783619072747471,98057.0
100,0.0005366246310705658,0.3341502374804406,0.10886959675408572,0.010494835507124408,0.5714285714285714,0.9850274725274725,0.4874533581712172,0.3261423932842322,0.3150824526046153,80301.0
101,0.0005366246310705658,0.3341502374804406,0.10886959675408572,0.010494835507124408,0.5714285714285714,0.9850274725274725,0.4874533581712172,0.3261423932842322,0.3150824526046153,80301.0
102,0.0,0.2871367580529067,0.31618197066890313,0.0017528904999257692,0.011904761904761904,0.2815934065934066,0.35732415612276547,0.3946622317256672,0.27636649100069033,98144.0
103,0.0,0.2871367580529067,0.31618197066890313,0.0017528904999257692,0.011904761904761904,0.2815934065934066,0.35732415612276547,0.3946622317256672,0.27636649100069033,98144.0
104,0.1532063321706466,0.3040967816785703,0.09199401591223338,0.018024551503430616,0.07142857142857142,0.220467032967033,0.21452574489413634,0.4286528866714184,0.1808819468139791,55416.0
105,0.11376442178695999,0.3040967816785703,0.019640954734002767,0.018024551503430616,0.2261904761904762,0.21634615384615385,0.0354567384430699,0.5860774530767403,0.04502575590771075,55119.0
106,0.11376442178695999,0.3040967816785703,0.019640954734002767,0.018024551503430616,0.2261904761904762,0.21634615384615385,0.0354567384430699,0.5860774530767403,0.04502575590771075,55119.0
107,0.05822377247115642,0.3341502374804406,0.12521250311671236,0.010494835507124408,0.4642857142857143,0.9847527472527473,0.35714129208508816,0.3956125762255484,0.2768445282253412,80302.0
108,0.05822377247115642,0.3341502374804406,0.12521250311671236,0.010494835507124408,0.4642857142857143,0.9847527472527473,0.35714129208508816,0.3956125762255484,0.2768445282253412,80302.0
109,0.07432251140327341,0.008768076012059057,0.04756669764489879,0.01275356822204146,0.16666666666666666,0.2774725274725275,0.0975095527857007,0.3349489189831314,0.06721812719057944,98188.0
110,0.07432251140327341,0.008768076012059057,0.054491465874832834,0.01275356822204146,0.011904761904761904,0.2774725274725275,0.08798362387204996,0.5166706264354162,0.09144677185979111,98198.0
111,0.15481620606385832,0.21956488720809336,0.20639436045061993,0.0993826286661348,0.23809523809523808,0.22664835164835168,0.32887719229980295,0.6359863783955017,0.3992570209967451,78704.0
112,0.10651998926750737,0.0,0.25628442550490743,0.016050382148844772,0.09523809523809523,0.0,0.32844284906641297,0.15059792508117525,0.10830968734551,97232.0
113,0.15481620606385832,0.18431007941010444,0.034907178638620036,0.0993826286661348,0.047619047619047616,0.22664835164835168,1.0,0.16108339272986458,0.34573557942351035,78738.0
114,0.12798497451033,0.06229533915209522,0.02783507491443208,0.14710111608595275,0.20238095238095238,0.0,0.04598813669132148,0.816567672447929,0.07798297488876713,97301.0
115,0.10115374295680171,0.189348911916941,0.006630097241426208,0.02116126080720309,0.16666666666666666,0.16483516483516483,0.01257661906048828,0.4041656767244793,0.013796898991787751,49464.0
116,0.15481620606385832,0.2871367580529067,0.4159507672779201,0.0017528904999257692,0.10714285714285714,0.2815934065934066,0.26763767907065145,0.664607586916924,0.34010109288552987,98105.0
117,0.23530990072444322,0.42884061946218704,0.0886393000430673,0.16542021924802297,0.0,0.17445054945054947,0.011507707611443999,0.42980913914627383,0.01375167067335001,6854.0
118,0.0474912798497451,0.008768076012059057,0.07084570573701747,0.01275356822204146,0.11904761904761904,0.2774725274725275,0.23875875881266787,0.29044111823869484,0.14033696493578632,98166.0
119,0.23530990072444322,0.008768076012059057,0.057914182741346874,0.01275356822204146,0.07142857142857142,0.2774725274725275,0.4470686400215655,0.38294131622713234,0.3352959743020034,98027.0
120,0.10115374295680171,0.3040967816785703,0.019640954734002767,0.018024551503430616,0.2261904761904762,0.21634615384615385,0.0354567384430699,0.5860774530767403,0.04502575590771075,55119.0
121,0.05419908773812718,0.008768076012059057,0.07089103973524945,0.0009782057658479623,0.07142857142857142,0.24175824175824176,0.17254341657069508,0.7002138275124733,0.23297836478329412,98225.0
122,0.034075664072980946,0.04013600117461853,0.04026792392955097,0.3049139229916266,0.023809523809523808,0.16483516483516483,0.10783671206779943,0.8092658588738417,0.1703934020683083,48103.0
123,0.10115374295680171,0.3040967816785703,0.019640954734002767,0.018024551503430616,0.2261904761904762,0.21634615384615385,0.0354567384430699,0.5860774530767403,0.04502575590771075,55119.0
124,0.10115374295680171,0.3040967816785703,0.019640954734002767,0.018024551503430616,0.2261904761904762,0.21634615384615385,0.0354567384430699,0.5860774530767403,0.04502575590771075,55119.0
125,0.07432251140327341,0.3341502374804406,0.10886959675408572,0.010494835507124408,0.5714285714285714,0.9850274725274725,0.4874533581712172,0.3261423932842322,0.3150824526046153,80301.0
126,0.046954655218674535,0.3341502374804406,0.10886959675408572,0.010494835507124408,0.5714285714285714,0.9850274725274725,0.4874533581712172,0.3261423932842322,0.3150824526046153,80301.0
127,0.06090689562650925,0.30811900384492885,0.0947593898043838,0.010494835507124408,0.15476190476190477,0.9847527472527473,0.4297155118578948,0.3230696127346163,0.275745095537195,80303.0
128,0.15481620606385832,0.21956488720809336,0.08744928258947798,0.0993826286661348,0.30952380952380953,0.22664835164835168,0.5613805213640882,0.3954066682505742,0.4327212805984497,78746.0
129,0.3158035953850281,0.06229533915209522,0.02783507491443208,0.14710111608595275,0.20238095238095238,0.0,0.04598813669132148,0.816567672447929,0.07798297488876713,97301.0
130,0.11456935873356584,0.26475696352579187,0.06681097989437178,0.010494835507124408,0.08333333333333333,0.9837912087912087,0.14155394173786984,0.2471687653441039,0.07295102552391852,80237.0
131,0.09344781325462838,0.6801487176827907,0.03991658544325317,0.011504917179337297,0.011904761904761904,0.19230769230769232,0.16185038641135724,0.12908846123386394,0.04764395052605647,5408.0
132,0.046954655218674535,0.33347809011816026,0.005270077294466985,0.018024551503430616,0.0,0.21634615384615385,0.015547594650311001,0.1679575512790053,0.007145079759262226,55040.0
133,0.07432251140327341,0.10155763669234161,0.25954847337760956,0.0017528904999257692,0.08333333333333333,0.2774725274725275,0.8632836357842938,0.3284232200839471,0.5590932420077102,98040.0
134,0.12664341293265358,0.1590621683743027,0.013622866468708208,0.007621794780014967,0.0,0.22802197802197804,0.07276058063176102,0.020258176922467726,0.006800778071414226,98631.0
135,0.12664341293265358,0.3514810441640659,0.014234875444839857,0.010494835507124408,0.0,0.9519230769230769,0.04104486593419301,0.16021224360497346,0.015587480029148367,80621.0
136,0.11456935873356584,0.14729847388455677,0.03542851961828773,0.6993457469967524,0.023809523809523808,0.18200549450549453,0.07804309896984704,0.3288033578838996,0.053535032860694776,8619.0
137,0.040783471961363026,0.10155763669234161,0.2935489720515901,0.0017528904999257692,1.0,0.2802197802197802,0.7794189886160202,0.41153084659855865,0.6219433360681073,98004.0
138,0.07432251140327341,0.10155763669234161,0.2935489720515901,0.0017528904999257692,1.0,0.2802197802197802,0.7794189886160202,0.41153084659855865,0.6219433360681073,98004.0
139,0.08934800107324925,0.7252178447597702,0.011061495568601672,0.011504917179337297,0.11904761904761904,0.16483516483516483,0.1936673502186572,0.03722182624534727,0.023978898848826584,5672.0
140,0.07432251140327341,0.0,0.09664075073101072,0.14710111608595275,0.011904761904761904,0.0,0.3456574147332426,0.3476360180565455,0.2378826684640745,97035.0
141,0.15481620606385832,0.3911878429088633,0.0690663463064125,0.05008623672122334,0.05952380952380952,0.15109890109890112,0.019841153735101272,0.5296903460837887,0.025190828493459095,53211.0
142,0.15481620606385832,0.3911878429088633,0.0690663463064125,0.05008623672122334,0.05952380952380952,0.15109890109890112,0.019841153735101272,0.5296903460837887,0.025190828493459095,53211.0
143,0.034075664072980946,0.008768076012059057,0.0793684974046286,0.01275356822204146,0.21428571428571427,0.2774725274725275,0.25600849134865694,0.13699215965787598,0.0783619072747471,98057.0
144,0.034075664072980946,0.008768076012059057,0.0793684974046286,0.01275356822204146,0.21428571428571427,0.2774725274725275,0.25600849134865694,0.13699215965787598,0.0783619072747471,98057.0
145,0.07432251140327341,0.3406032006162129,0.0068341002334700906,0.020784122992937495,0.0,0.16483516483516483,0.01669243925495168,0.47672447929040945,0.01990890734450243,48917.0
146,0.1532063321706466,0.0,0.10308951197950904,0.016050382148844772,0.0,0.0,0.4671753308680879,0.8909954858636255,0.7804279750346256,97229.0
147,0.07432251140327341,0.12995223749567972,0.05271210644422785,0.08815680672102968,0.047619047619047616,0.18200549450549453,0.2632935897126432,0.3925397956759325,0.20364320084802287,7920.0
148,0.15481620606385832,0.10155763669234161,0.2935489720515901,0.0017528904999257692,1.0,0.2802197802197802,0.7794189886160202,0.41153084659855865,0.6219433360681073,98004.0
149,0.07432251140327341,0.06771571659680066,0.020898973184940047,0.0017528904999257692,0.07142857142857142,0.24175824175824176,0.08199700224469197,0.42374277342203215,0.07098653250834275,98273.0
150,0.11456935873356584,0.14729847388455677,0.3900423872883469,0.6993457469967524,0.011904761904761904,0.18200549450549453,0.16336369610469528,0.051081016868614874,0.024465619914132195,8542.0
151,0.1521330829085055,0.0,0.16517442255819753,0.016050382148844772,0.16666666666666666,0.0,0.20397009760226836,0.4668408964916449,0.18652689567404374,97217.0
152,0.07351757445666755,0.3514810441640659,0.029376430854319197,0.010494835507124408,0.07142857142857142,0.9958791208791209,0.0509603779763083,0.5047754811119031,0.05391953028628243,80601.0
153,0.07351757445666755,0.30811900384492885,0.016388240360858626,0.010494835507124408,0.0,0.9958791208791209,0.08228301234166793,0.15853330165518334,0.02945302745486901,80603.0
154,0.07432251140327341,0.3040967816785703,0.031314459278736086,0.018024551503430616,0.03571428571428571,0.220467032967033,0.10237438897156667,0.5865209471766849,0.11907841813246114,55113.0
155,0.10008049369466057,0.1582565839320232,0.03225513974204955,0.12227573295487813,0.10714285714285714,0.967032967032967,0.08073461992120522,0.20738100894907738,0.036484456421081175,80903.0
156,0.10008049369466057,0.1582565839320232,0.03225513974204955,0.12227573295487813,0.10714285714285714,0.967032967032967,0.08073461992120522,0.20738100894907738,0.036484456421081175,80903.0
157,0.07432251140327341,0.3040967816785703,0.023517011582836547,0.018024551503430616,0.011904761904761904,0.20673076923076922,0.052355749920902986,0.11068345608616456,0.01431767587071345,55425.0
158,0.12664341293265358,0.42884061946218704,0.08103452183965365,0.27927663183519735,0.011904761904761904,0.17445054945054947,0.027805445462787924,0.28011404133998574,0.0182354716675018,6905.0
159,0.0474912798497451,0.2901249938761055,0.05313144592787361,0.010494835507124408,0.23809523809523808,0.9756868131868133,0.1323778800684043,0.5948681397006415,0.15432979573312255,80501.0
160,0.0474912798497451,0.2901249938761055,0.039769249948999254,0.010494835507124408,0.07142857142857142,0.9756868131868133,0.21480556021380032,0.7113645363110794,0.2927339050257878,80504.0
161,0.11456935873356584,0.008768076012059057,0.1330439513112859,0.0017528904999257692,0.09523809523809523,0.2802197802197802,0.5978016988070228,0.8945592777381801,1.0,98052.0
162,0.0474912798497451,0.2901249938761055,0.047181358659927015,0.010494835507124408,0.03571428571428571,0.9847527472527473,0.41565400597914753,0.4609170824423854,0.3708360786920831,80503.0
163,0.10115374295680171,0.0,0.2176598590112655,0.016050382148844772,0.05952380952380952,0.0,0.24707495496378232,0.09066286528866714,0.05470296375679788,97205.0
164,0.10115374295680171,0.0,0.2176598590112655,0.016050382148844772,0.05952380952380952,0.0,0.24707495496378232,0.09066286528866714,0.05470296375679788,97205.0
165,0.1532063321706466,0.008768076012059057,0.15866899381190924,0.0017528904999257692,0.047619047619047616,0.2774725274725275,0.5710006904631848,0.544864179931892,0.5944217960551461,98006.0
166,0.07432251140327341,0.04013600117461853,0.01095949407257973,0.00546340512153682,0.011904761904761904,0.16483516483516483,0.025544656161058332,0.3756395026530451,0.022312358026825196,48092.0
167,0.15481620606385832,0.34864774543049315,0.029750436339732983,0.06454758894757132,0.047619047619047616,0.15109890109890112,0.04656601357147224,0.15504870515561892,0.016996378229981735,53718.0
168,0.12798497451033,0.30811900384492885,0.0720243896910488,0.010494835507124408,0.14285714285714285,0.9850274725274725,0.39350718588358147,0.3866951770016631,0.2982616868622286,80026.0
169,0.215186477059297,0.14729847388455677,0.09279869438085092,0.27927663183519735,0.011904761904761904,0.18200549450549453,0.07778597237183105,0.2612655420923418,0.04327705158075751,8830.0
170,0.07432251140327341,0.21374934317942548,0.011718838542965297,0.013230934956840808,0.03571428571428571,0.15109890109890112,0.0,0.41480953512314883,0.00410053985356911,54304.0
171,0.2607995707002951,0.42884061946218704,0.1442301153750255,0.16542021924802297,0.03571428571428571,0.17445054945054947,0.08509460885325937,0.2972677595628415,0.05295511465144356,6820.0
172,0.15481620606385832,0.10155763669234161,0.2935489720515901,0.0017528904999257692,1.0,0.2802197802197802,0.7794189886160202,0.41153084659855865,0.6219433360681073,98004.0
173,0.0952508720150255,0.34693301111222324,0.013226193984178434,0.1660130765267611,0.0,0.21634615384615385,0.022294972407447895,0.2343391145957076,0.012873011786888612,56073.0
174,0.07432251140327341,0.10155763669234161,0.25954847337760956,0.0017528904999257692,0.08333333333333333,0.2774725274725275,0.8632836357842938,0.3284232200839471,0.5590932420077102,98040.0
175,0.07432251140327341,0.0,0.06873767481923068,0.016050382148844772,0.15476190476190477,0.0,0.17425283128642244,0.734695493783163,0.24632717464864598,97124.0
176,0.07432251140327341,0.0,0.06873767481923068,0.016050382148844772,0.15476190476190477,0.0,0.17425283128642244,0.734695493783163,0.24632717464864598,97124.0
177,0.11456935873356584,0.14729847388455677,0.21548382709613073,0.27927663183519735,0.023809523809523808,0.18200549450549453,0.16462611195558732,0.22649877247168765,0.07814621047900414,7094.0
178,0.07432251140327341,0.3911878429088633,0.012353514518212934,0.013230934956840808,0.0,0.15109890109890112,0.030205244516562053,0.4515878672685515,0.030584570869443942,54914.0
179,0.15481620606385832,0.34864774543049315,0.035394519119613756,0.06454758894757132,0.14285714285714285,0.15109890109890112,0.02408740064332897,0.6663498851667062,0.03673407289306966,53704.0
180,0.07432251140327341,0.04013600117461853,0.011254165061087562,0.00546340512153682,0.07142857142857142,0.16483516483516483,0.06634835940345994,0.2903936010137008,0.04104402609310829,48326.0
181,0.07432251140327341,0.04013600117461853,0.011254165061087562,0.00546340512153682,0.07142857142857142,0.16483516483516483,0.06634835940345994,0.2903936010137008,0.04104402609310829,48326.0
182,0.07432251140327341,0.04013600117461853,0.011254165061087562,0.00546340512153682,0.07142857142857142,0.16483516483516483,0.06634835940345994,0.2903936010137008,0.04104402609310829,48326.0
183,0.09847061980144889,0.2901249938761055,0.05313144592787361,0.010494835507124408,0.23809523809523808,0.9756868131868133,0.1323778800684043,0.5948681397006415,0.15432979573312255,80501.0
184,0.15481620606385832,0.21956488720809336,0.037162545050660745,0.0993826286661348,0.5357142857142857,0.22664835164835168,0.1298605901940408,0.666951770016631,0.16900192581006926,78758.0
185,0.15481620606385832,0.34864774543049315,0.035394519119613756,0.06454758894757132,0.14285714285714285,0.15109890109890112,0.02408740064332897,0.6663498851667062,0.03673407289306966,53704.0
186,0.23530990072444322,0.10155763669234161,0.2935489720515901,0.0017528904999257692,1.0,0.2802197802197802,0.7794189886160202,0.41153084659855865,0.6219433360681073,98004.0
187,0.11456935873356584,0.14729847388455677,0.020218963211460435,0.6993457469967524,0.0,0.18200549450549453,0.09158473012440413,0.11229904173596263,0.024560818811330005,8628.0
188,0.07432251140327341,0.29850809700654296,0.01246684951379287,0.1660130765267611,0.03571428571428571,0.21634615384615385,0.02413293101052281,0.7026688841371664,0.0387282605227023,56001.0
189,0.13187550308559162,0.3865020423261375,0.03910057347507764,0.0032570869772021237,0.2261904761904762,1.0,0.1163123739180052,0.4172645917478419,0.09752515226808578,81301.0
190,0.07432251140327341,0.2166676639309568,0.0048167373121472444,0.0993826286661348,0.011904761904761904,0.22664835164835168,0.03938679074718469,0.028272748871465907,0.004377061420659109,78636.0
191,0.07432251140327341,0.2166676639309568,0.0048167373121472444,0.0993826286661348,0.011904761904761904,0.22664835164835168,0.03938679074718469,0.028272748871465907,0.004377061420659109,78636.0
192,0.15481620606385832,0.5061196085466301,0.023222340594328716,0.16542021924802297,0.0,0.17445054945054947,0.017398126447460707,0.5405401124574325,0.023185038806267693,6611.0
193,0.15481620606385832,0.2871367580529067,0.4159507672779201,0.0017528904999257692,0.10714285714285714,0.2815934065934066,0.26763767907065145,0.664607586916924,0.34010109288552987,98105.0
194,0.14140059028709415,0.06771571659680066,0.0202756307092504,0.0017528904999257692,0.03571428571428571,0.25824175824175827,0.0795748896084475,0.6153639027480795,0.09826151456790255,98223.0
195,0.034075664072980946,0.2606323013192301,0.010143482104404198,0.02116126080720309,0.08333333333333333,0.16483516483516483,0.022462868671758705,0.6812861328898392,0.03545691262776547,49423.0
196,0.07432251140327341,0.29409823036694016,0.05177142598091439,0.10044926833339701,0.011904761904761904,0.20673076923076922,0.352122253840552,0.19833689712520788,0.14660431370966814,55391.0
197,0.06224845720418566,0.42884061946218704,0.005882086270598635,0.4115209016394605,0.011904761904761904,0.17445054945054947,0.013991662628403206,0.1195216599350598,0.004886429205798206,6260.0
198,0.07432251140327341,0.2268169631644967,0.02397035156515629,0.07596216549750366,0.07142857142857142,0.22664835164835168,0.3365520603924104,0.04636097251920488,0.04706540522082436,76177.0
199,1.0,0.008768076012059057,0.12183512024843031,0.0017528904999257692,0.42857142857142855,0.2802197802197802,0.550249760699424,0.2494654312188168,0.2789220195162306,98005.0
200,0.07432251140327341,0.3040967816785703,0.05134075299771063,0.018024551503430616,0.07142857142857142,0.21634615384615385,0.08223932074279947,0.6539003722182625,0.10741226840529575,55104.0
201,0.052186745371612546,0.2608264390070627,0.027404401931228325,0.0015070172968086777,0.07142857142857142,0.9862637362637362,0.12289392121394815,0.09901005781262374,0.029542714048825795,81631.0
202,0.020391735980681513,0.2983727915784476,0.04279529433098352,0.010494835507124408,0.05952380952380952,0.9519230769230769,0.296838962603818,0.2531400966183575,0.15357637820841347,80528.0
203,0.15481620606385832,0.26306648362993834,0.03557585511254165,0.0993826286661348,0.023809523809523808,0.22664835164835168,0.24752590926734805,0.17673239882790845,0.0938273803288212,78726.0
204,0.07432251140327341,0.3341502374804406,0.12521250311671236,0.010494835507124408,0.4642857142857143,0.9847527472527473,0.35714129208508816,0.3956125762255484,0.2768445282253412,80302.0
205,0.0474912798497451,0.2901249938761055,0.047181358659927015,0.010494835507124408,0.03571428571428571,0.9847527472527473,0.41565400597914753,0.4609170824423854,0.3708360786920831,80503.0
206,0.11456935873356584,0.14729847388455677,0.21548382709613073,0.27927663183519735,0.023809523809523808,0.18200549450549453,0.16462611195558732,0.22649877247168765,0.07814621047900414,7094.0
207,0.07029782667024415,0.14729847388455677,0.11467234852777841,0.27927663183519735,0.023809523809523808,0.18200549450549453,0.056899355195729,0.05648214144293973,0.00939961212487439,7662.0
208,0.05822377247115642,0.04013600117461853,0.01604823537411882,0.060076095434502416,0.011904761904761904,0.16483516483516483,0.031934107670216934,0.32365565850954303,0.02346762471409472,48335.0
209,0.07432251140327341,0.06229533915209522,0.028435750391005734,0.14710111608595275,0.05952380952380952,0.0,0.13713560143177053,0.5570127504553734,0.1499831289527349,97302.0
210,0.15481620606385832,0.06387172497335313,0.0,0.034701384028623744,0.0,0.16483516483516483,0.003994079812028484,0.118903936010137,0.0021787258811323657,48415.0
211,0.07432251140327341,0.3341502374804406,0.10886959675408572,0.010494835507124408,0.5714285714285714,0.9850274725274725,0.4874533581712172,0.3261423932842322,0.3150824526046153,80301.0
212,0.1371075932385296,0.30811900384492885,0.045572001722691935,0.010494835507124408,0.10714285714285714,0.9821428571428571,0.07814611652671762,0.4717193315910351,0.075049691822508,80241.0
213,0.1371075932385296,0.3514810441640659,0.029376430854319197,0.010494835507124408,0.07142857142857142,0.9958791208791209,0.0509603779763083,0.5047754811119031,0.05391953028628243,80601.0
214,0.07432251140327341,0.3341502374804406,0.12521250311671236,0.010494835507124408,0.4642857142857143,0.9847527472527473,0.35714129208508816,0.3956125762255484,0.2768445282253412,80302.0
215,0.0474912798497451,0.2901249938761055,0.039769249948999254,0.010494835507124408,0.07142857142857142,0.9756868131868133,0.21480556021380032,0.7113645363110794,0.2927339050257878,80504.0
216,0.052186745371612546,0.2608264390070627,0.027404401931228325,0.0015070172968086777,0.07142857142857142,0.9862637362637362,0.12289392121394815,0.09901005781262374,0.029542714048825795,81631.0
217,0.15481620606385832,0.11260600110680258,0.08987465149488859,1.0,0.011904761904761904,0.18200549450549453,0.09522928802772086,0.34606794963174153,0.067732103821743,7701.0
218,0.23530990072444322,0.2606323013192301,0.010143482104404198,0.02116126080720309,0.08333333333333333,0.16483516483516483,0.022462868671758705,0.6812861328898392,0.03545691262776547,49423.0
219,0.07432251140327341,0.21956488720809336,0.06429494299249722,0.0993826286661348,0.2261904761904762,0.22664835164835168,0.09439043163280608,0.6806208917399224,0.12710682931331105,78741.0
220,0.05419908773812718,0.1582565839320232,0.03225513974204955,0.12227573295487813,0.10714285714285714,0.967032967032967,0.08073461992120522,0.20738100894907738,0.036484456421081175,80903.0
221,0.15481620606385832,0.32007208963884975,0.03120112428315615,0.0993826286661348,0.05952380952380952,0.22664835164835168,0.1392594993733625,0.3982577017502178,0.11101908847513213,78729.0
222,0.19506305339415075,0.26306648362993834,0.025341705011673505,0.036716186687519456,0.10714285714285714,0.22664835164835168,0.22831963692791435,1.0,0.4316501235667131,78613.0
223,0.15481620606385832,0.32007208963884975,0.03120112428315615,0.0993826286661348,0.05952380952380952,0.22664835164835168,0.1392594993733625,0.3982577017502178,0.11101908847513213,78729.0
224,0.15481620606385832,0.21956488720809336,0.20639436045061993,0.0993826286661348,0.23809523809523808,0.22664835164835168,0.32887719229980295,0.6359863783955017,0.3992570209967451,78704.0
225,0.15481620606385832,0.008768076012059057,0.03505451413287395,0.0009782057658479623,0.011904761904761904,0.24175824175824176,0.16024348872944,0.622016314247248,0.19363543929251942,98226.0
226,0.15481620606385832,0.28481728184086086,0.01568556338826303,0.036716186687519456,0.047619047619047616,0.22664835164835168,0.30547925293099354,0.6704838837411895,0.3905254641445493,78641.0
227,0.11456935873356584,0.11260600110680258,0.25107101570823037,1.0,0.05952380952380952,0.18200549450549453,0.06612611967767788,0.03560624059554922,0.008163426870371183,8751.0
228,0.13268044003219748,0.26475696352579187,0.04168461137430016,0.010494835507124408,0.08333333333333333,0.9837912087912087,0.07929378080316456,0.45879464639265066,0.07411695124535712,80226.0
229,0.13268044003219748,0.26475696352579187,0.04141260738490831,0.010494835507124408,0.047619047619047616,0.9615384615384615,0.13302076787229855,0.2515086718935614,0.06977612009784728,80215.0
230,0.13268044003219748,0.26475696352579187,0.04141260738490831,0.010494835507124408,0.047619047619047616,0.9615384615384615,0.13302076787229855,0.2515086718935614,0.06977612009784728,80215.0
231,0.13268044003219748,0.26475696352579187,0.04168461137430016,0.010494835507124408,0.08333333333333333,0.9837912087912087,0.07929378080316456,0.45879464639265066,0.07411695124535712,80226.0
232,0.13268044003219748,0.26475696352579187,0.04168461137430016,0.010494835507124408,0.08333333333333333,0.9837912087912087,0.07929378080316456,0.45879464639265066,0.07411695124535712,80226.0
233,0.13268044003219748,0.26475696352579187,0.04141260738490831,0.010494835507124408,0.047619047619047616,0.9615384615384615,0.13302076787229855,0.2515086718935614,0.06977612009784728,80215.0
234,0.046954655218674535,0.3508373556163977,0.03342249019652288,0.010494835507124408,0.047619047619047616,0.9519230769230769,0.11626709858926702,0.6647026213669122,0.15151648183008828,80538.0
235,0.15481620606385832,0.1378514640463375,0.005893419770156629,0.0993826286661348,0.05952380952380952,0.22664835164835168,0.05274554144432222,0.6492436841688446,0.07074203512097452,78640.0
236,0.15481620606385832,0.1378514640463375,0.005893419770156629,0.0993826286661348,0.05952380952380952,0.22664835164835168,0.05274554144432222,0.6492436841688446,0.07074203512097452,78640.0
237,0.07351757445666755,0.35534333256670164,0.008738128159213002,0.10044926833339701,0.023809523809523808,0.21634615384615385,0.04330358319157961,0.5460679496317415,0.05019136127773563,55330.0
238,0.25422591896968066,0.12937840007686582,0.021964322143391436,0.2984203323487607,0.07142857142857142,0.25824175824175827,0.2302483723976437,0.45184129246851984,0.20362469844632375,98502.0
239,0.07432251140327341,0.21374934317942548,0.011718838542965297,0.013230934956840808,0.03571428571428571,0.15109890109890112,0.0,0.41480953512314883,0.00410053985356911,54304.0
240,0.055808961631338874,0.28463820664384004,0.009905478613686333,0.036716186687519456,0.011904761904761904,0.22664835164835168,0.03967212968190273,0.24691534014413558,0.02215493473959989,78654.0
241,0.2755567480547357,0.26475696352579187,0.22135457986717139,0.010494835507124408,0.16666666666666666,0.9847527472527473,0.49833513377810823,0.23616060822047993,0.2408263920922844,80305.0
242,0.13268044003219748,0.26475696352579187,0.06269691955482014,0.010494835507124408,0.011904761904761904,0.9478021978021978,0.19550083249969144,0.44625009899421875,0.17155617916068364,80228.0
243,0.13469278239871207,0.22607604134853596,0.034487839154974276,0.01275356822204146,0.13095238095238096,0.28296703296703296,0.07364499424431391,0.3330165518333729,0.051298441356054186,98409.0
244,0.07432251140327341,0.06771571659680066,0.020898973184940047,0.0017528904999257692,0.07142857142857142,0.24175824175824176,0.08199700224469197,0.42374277342203215,0.07098653250834275,98273.0
245,0.15481620606385832,0.21956488720809336,0.20639436045061993,0.0993826286661348,0.23809523809523808,0.22664835164835168,0.32887719229980295,0.6359863783955017,0.3992570209967451,78704.0
