,ZIP,Electric Price,Land Value,Economic Activity,Station Count,Sales Tax,Converted Cost
0,1460.0,0.11432460520000001,223900.0,20.54204472,4.0,0.0625,7.5
1,1867.0,0.1270905895,732400.0,20.54204472,2.0,0.0625,3.9749999999999996
2,1887.0,0.11084435879999999,375200.0,20.54204472,18.0,0.0625,3.9749999999999996
3,1950.0,0.09204539149999999,1040900.0,20.54204472,5.0,0.0625,5.550000000000001
4,2116.0,0.126024825,20467700.0,38.97930673,17.0,0.0625,5.0
5,2118.0,0.126024825,19925700.0,38.97930673,23.0,0.0625,0.75
6,2139.0,0.126024825,7722800.0,38.97930673,28.0,0.0625,7.783333333333334
7,2190.0,0.11238259899999999,455900.0,38.97930673,1.0,0.0625,9.8
8,2368.0,0.1178394894,418800.0,38.97930673,1.0,0.0625,9.8
9,2453.0,0.126024825,1549500.0,38.97930673,6.0,0.0625,4.0
10,2459.0,0.126024825,2259000.0,38.97930673,20.0,0.0625,4.0
11,2472.0,0.126024825,2422800.0,38.97930673,13.0,0.0625,3.75
12,2860.0,0.1193743555,416000.0,38.97930673,4.0,0.07,3.0
13,2908.0,0.1193743555,396300.0,38.97930673,16.0,0.07,3.96
14,3053.0,0.11569060349999999,90400.0,20.54204472,2.0,0.0,1.6500000000000001
15,3110.0,0.11569060349999999,100500.0,14.17997244,1.0,0.0,9.0
16,3801.0,0.11569060349999999,450500.0,20.54204472,6.0,0.0,3.75
17,4662.0,0.1074970955,588300.0,0.580830284,1.0,0.055,4.5
18,5401.0,0.156403409,719400.0,6.073066365,19.0,0.07,3.7128
19,5408.0,0.156403409,370700.0,6.073066365,2.0,0.07,3.7128
20,5452.0,0.1625707145,199600.0,6.073066365,2.0,0.07,3.0
21,5491.0,0.167368013,98700.0,6.073066365,1.0,0.06,1.5
22,5641.0,0.200172186,58200.0,2.624637777,4.0,0.06,2.25
23,5672.0,0.1625707145,116100.0,6.073066365,11.0,0.06,3.3559999999999994
24,5753.0,0.167368013,108800.0,6.073066365,5.0,0.07,6.959999999999999
25,6260.0,0.1220141515,70400.0,210.4025618,2.0,0.0635,2.55
26,6437.0,0.1325890875,191400.0,84.69351463,1.0,0.0635,4.35
27,6611.0,0.1325890875,223400.0,84.69351463,1.0,0.0635,6.0
28,6820.0,0.1220141515,1291100.0,84.69351463,4.0,0.0635,9.95
29,6854.0,0.1220141515,800600.0,84.69351463,1.0,0.0635,9.0
30,6905.0,0.1220141515,733500.0,142.8517489,2.0,0.0635,4.949999999999999
31,7081.0,0.08111395925,869300.0,142.8517489,1.0,0.06625,6.0
32,7094.0,0.083487636,1919800.0,142.8517489,3.0,0.06625,4.5
33,7302.0,0.083487636,8841900.0,142.8517489,15.0,0.06625,6.93
34,7662.0,0.083487636,1030300.0,142.8517489,3.0,0.06625,2.8499999999999996
35,7701.0,0.0787402825,811500.0,510.9996427,2.0,0.06625,6.0
36,7834.0,0.0787402825,363900.0,142.8517489,2.0,0.06625,3.1
37,7920.0,0.08111395925,483600.0,45.22710651,5.0,0.06625,3.0
38,8002.0,0.083487636,241400.0,357.4244502,7.0,0.06625,5.0
39,8204.0,0.106695173,784500.0,38.06365634,1.0,0.06625,8.25
40,8542.0,0.083487636,3460000.0,357.4244502,2.0,0.06625,5.25
41,8619.0,0.083487636,331100.0,357.4244502,3.0,0.06625,4.5
42,8628.0,0.083487636,196900.0,357.4244502,1.0,0.06625,4.5
43,8690.0,0.083487636,420700.0,357.4244502,2.0,0.06625,7.5
44,8751.0,0.0787402825,2233800.0,510.9996427,6.0,0.06625,4.5
45,8822.0,0.0787402825,161700.0,45.22710651,2.0,0.06625,4.0
46,8830.0,0.083487636,837300.0,142.8517489,2.0,0.06625,8.25
47,8844.0,0.08111395925,295100.0,357.4244502,2.0,0.06625,9.06
48,13820.0,0.06558102874999999,41300.0,7.381588736,2.0,0.28,0.75
49,15904.0,0.08794682399999999,79500.0,12.04369536,2.0,0.06,10.5
50,16801.0,0.07573125900000001,249300.0,4.401212762,9.0,0.06,3.0
51,17055.0,0.07108737760000002,156000.0,41.82299639,3.0,0.06,2.9699999999999998
52,17562.0,0.058378199500000005,88500.0,131.6739115,1.0,0.06,5.0
53,19095.0,0.0646821225,198300.0,357.4244502,1.0,0.06,3.165
54,19147.0,0.0646821225,5673300.0,357.4244502,1.0,0.08,4.5
55,19153.0,0.0646821225,586600.0,357.4244502,7.0,0.08,4.5
56,19406.0,0.0646821225,311600.0,357.4244502,7.0,0.06,0.75
57,20005.0,0.088548971,15329100.0,114.3900277,15.0,0.06,3.0
58,20036.0,0.088548971,17153600.0,114.3900277,11.0,0.06,2.1
59,20037.0,0.088548971,18539000.0,114.3900277,4.0,0.06,6.1499999999999995
60,20109.0,0.0925881905,653000.0,73.48848647,2.0,0.06,1.98
61,20112.0,0.06037186333333333,169300.0,114.3900277,1.0,0.06,7.92
62,20191.0,0.0421541755,1006600.0,114.3900277,4.0,0.06,2.25
63,20619.0,0.068755064,198300.0,47.60426336,2.0,0.06,5.7989999999999995
64,20706.0,0.07562839125,396200.0,114.3900277,2.0,0.06,2.2800000000000002
65,20707.0,0.07318157,518700.0,114.3900277,2.0,0.06,3.4000000000000004
66,20708.0,0.07562839125,434800.0,114.3900277,1.0,0.06,3.0
67,20714.0,0.07318157,790500.0,114.3900277,1.0,0.06,5.0
68,20743.0,0.07807521249999999,434900.0,114.3900277,2.0,0.06,4.5
69,20759.0,0.07318157,564600.0,114.3900277,3.0,0.06,3.0
70,20814.0,0.07807521249999999,2766900.0,114.3900277,13.0,0.06,2.6
71,20815.0,0.07807521249999999,3156600.0,114.3900277,3.0,0.06,2.6
72,20817.0,0.07807521249999999,1737600.0,114.3900277,3.0,0.06,4.949999999999999
73,20850.0,0.07807521249999999,1384400.0,114.3900277,20.0,0.06,3.0749999999999997
74,20877.0,0.07807521249999999,630000.0,114.3900277,2.0,0.06,2.6
75,20878.0,0.07807521249999999,1050300.0,114.3900277,6.0,0.06,2.6
76,20879.0,0.07807521249999999,727900.0,114.3900277,3.0,0.06,10.0
77,20902.0,0.07807521249999999,1001000.0,114.3900277,7.0,0.06,2.6
78,20910.0,0.07807521249999999,1695700.0,114.3900277,9.0,0.06,2.6
79,21029.0,0.07318157,489700.0,114.3900277,5.0,0.06,4.0
80,21044.0,0.07318157,543700.0,114.3900277,31.0,0.06,4.0
81,21045.0,0.07318157,662800.0,114.3900277,7.0,0.06,4.0
82,21061.0,0.07318157,456600.0,114.3900277,1.0,0.06,2.9699999999999998
83,21078.0,0.08167623,233600.0,131.6739115,1.0,0.06,6.0
84,21202.0,0.07318157,1422900.0,114.3900277,23.0,0.06,3.0
85,21212.0,0.07318157,684600.0,114.3900277,1.0,0.06,8.22
86,21213.0,0.07318157,435100.0,114.3900277,1.0,0.06,8.22
87,21215.0,0.07318157,286200.0,114.3900277,1.0,0.06,7.92
88,21224.0,0.07318157,2220100.0,114.3900277,6.0,0.06,7.92
89,21236.0,0.07318157,514100.0,132.9584854,9.0,0.06,7.92
90,21237.0,0.07318157,332100.0,132.9584854,2.0,0.06,7.92
91,21244.0,0.07318157,272000.0,114.3900277,2.0,0.06,7.92
92,21740.0,0.07505034433333334,134300.0,13.36999514,6.0,0.06,8.805
93,22102.0,0.0421541755,940100.0,114.3900277,21.0,0.06,2.175
94,22182.0,0.0421541755,912300.0,114.3900277,6.0,0.06,3.0
95,22201.0,0.0421541755,3969600.0,114.3900277,8.0,0.06,4.35
96,22202.0,0.0421541755,2779900.0,114.3900277,21.0,0.06,3.125
97,22206.0,0.0421541755,4419200.0,114.3900277,1.0,0.06,3.0
98,22314.0,0.0421541755,7809800.0,114.3900277,4.0,0.06,3.75
99,22801.0,0.06795536675,161500.0,15.1839732,2.0,0.053,9.0
100,23220.0,0.0421541755,927600.0,47.60426336,6.0,0.06,1.5
101,24501.0,0.0467721515,63600.0,5.263081584,1.0,0.053,9.0
102,27278.0,0.10902480149999999,74200.0,12.29286041,1.0,0.075,2.9699999999999998
103,27514.0,0.10902480149999999,214900.0,12.29286041,7.0,0.075,2.25
104,27701.0,0.07690351,324600.0,12.29286041,21.0,0.075,3.0
105,27705.0,0.10902480149999999,169600.0,12.29286041,3.0,0.075,2.25
106,28027.0,0.088901474,96200.0,64.998739,11.0,0.07,4.68
107,28146.0,0.09046546033333334,39100.0,28.10345702,1.0,0.07,6.36
108,28202.0,0.07690351,476700.0,64.998739,28.0,0.0725,2.7
109,28205.0,0.07690351,370200.0,64.998739,1.0,0.0725,3.0
110,28211.0,0.07690351,514200.0,64.998739,3.0,0.0725,3.0
111,28277.0,0.08672706399999999,273600.0,64.998739,4.0,0.0725,1.98
112,28462.0,0.1013254485,180300.0,14.54249919,1.0,0.0675,2.7750000000000004
113,28467.0,0.1013254485,111800.0,8.405724161,1.0,0.0675,2.7750000000000004
114,28469.0,0.1013254485,394900.0,14.54249919,1.0,0.0675,2.7750000000000004
115,28470.0,0.1013254485,65700.0,14.54249919,1.0,0.0675,2.7750000000000004
116,28645.0,0.1007537838,25800.0,8.092135751,4.0,0.07,2.55
117,28694.0,0.0951095625,26200.0,22.19496383,2.0,0.07,5.0
118,29464.0,0.114586897,698900.0,6.891165855,3.0,0.09,9.0
119,29607.0,0.107989879,154700.0,30.68422426,7.0,0.07,4.5
120,29651.0,0.111496596,57500.0,30.68422426,19.0,0.07,8.67
121,30004.0,0.10065007766666667,157500.0,16.85175787,9.0,0.0775,4.5
122,30005.0,0.10166752500000001,245300.0,16.85175787,5.0,0.0775,6.0
123,30009.0,0.10166752500000001,226700.0,16.85175787,21.0,0.0775,3.75
124,30043.0,0.10414244533333333,87700.0,16.85175787,16.0,0.06,5.625
125,30060.0,0.10268846933333332,164500.0,44.12077763,6.0,0.06,2.55
126,30062.0,0.10268846933333332,219700.0,16.85175787,2.0,0.06,7.5
127,30084.0,0.105424564,131900.0,16.85175787,2.0,0.08,3.0
128,30092.0,0.10166752500000001,187900.0,16.85175787,4.0,0.0775,9.0
129,30103.0,0.097869238,21900.0,44.12077763,2.0,0.07,7.5
130,30114.0,0.10726785500000001,92300.0,44.12077763,5.0,0.06,3.0
131,30115.0,0.10717594275,73700.0,16.85175787,1.0,0.06,3.0
132,30214.0,0.10687335,34300.0,17.41202737,14.0,0.07,4.5
133,30308.0,0.096434844,1619600.0,16.85175787,47.0,0.085,14.0
134,30318.0,0.096434844,306700.0,16.85175787,25.0,0.085,2.9
135,30324.0,0.096434844,687900.0,16.85175787,5.0,0.085,3.0
136,30326.0,0.096434844,1558900.0,16.85175787,25.0,0.085,3.0
137,30338.0,0.096434844,359500.0,16.85175787,4.0,0.08,3.0
138,30339.0,0.096434844,728300.0,16.85175787,39.0,0.085,2.6999999999999997
139,30345.0,0.096434844,318800.0,16.85175787,6.0,0.08,2.55
140,30354.0,0.099352499,80300.0,16.85175787,56.0,0.085,2.25
141,30439.0,0.11153717075000001,16300.0,10.48414499,2.0,0.08,3.0
142,30501.0,0.105424564,88400.0,16.85175787,2.0,0.07,3.0
143,30517.0,0.114414284,79800.0,16.85175787,6.0,0.07,6.0
144,30525.0,0.14165239725,57300.0,18.74100907,2.0,0.08,3.0
145,30548.0,0.105424564,99500.0,16.85175787,2.0,0.07,6.0
146,31408.0,0.096434844,47400.0,14.80660815,2.0,0.07,3.0
147,32751.0,0.0905584675,327300.0,1.539400712,1.0,0.07,3.96
148,32801.0,0.083943921,1018100.0,1.539400712,21.0,0.065,2.4
149,32803.0,0.0905584675,631100.0,1.539400712,6.0,0.065,2.4
150,32804.0,0.0905584675,645200.0,1.539400712,3.0,0.065,2.4
151,32806.0,0.0905584675,385900.0,1.539400712,3.0,0.065,2.4
152,32808.0,0.0905584675,75600.0,1.539400712,1.0,0.065,2.4
153,32809.0,0.097173014,234900.0,15.66438974,2.0,0.065,2.4
154,32811.0,0.0905584675,130600.0,1.539400712,4.0,0.065,2.4
155,32819.0,0.097173014,307700.0,15.66438974,21.0,0.065,2.4
156,32821.0,0.089625971,256100.0,15.66438974,5.0,0.065,4.665
157,32822.0,0.0905584675,171300.0,15.66438974,1.0,0.065,2.4
158,32827.0,0.097173014,395100.0,15.66438974,11.0,0.065,2.4
159,32828.0,0.089371716,254600.0,1.539400712,6.0,0.065,2.4
160,32835.0,0.0905584675,201000.0,1.539400712,2.0,0.065,2.4
161,32839.0,0.0905584675,154800.0,15.66438974,4.0,0.065,2.4
162,33019.0,0.081570418,1516000.0,85.27706923,6.0,0.07,4.2
163,33143.0,0.081570418,1241500.0,102.60587531499999,1.0,0.07,4.2299999999999995
164,33301.0,0.081570418,3263500.0,69.760134115,22.0,0.07,6.135
165,33487.0,0.081570418,1209600.0,19.58558683,8.0,0.07,5.5
166,33563.0,0.084777407,102000.0,69.16602715,1.0,0.075,4.47
167,33596.0,0.084777407,162500.0,69.16602715,1.0,0.075,4.47
168,33602.0,0.084777407,751700.0,69.16602715,54.0,0.075,4.47
169,33607.0,0.084777407,344600.0,69.16602715,12.0,0.075,7.7250000000000005
170,33618.0,0.084777407,263600.0,69.16602715,1.0,0.075,4.47
171,33619.0,0.084777407,94800.0,69.16602715,11.0,0.075,4.47
172,33706.0,0.097173014,1737100.0,44.98349289,2.0,0.07,2.37
173,33901.0,0.081570418,239800.0,8.720787592,3.0,0.065,0.8
174,34205.0,0.081570418,193100.0,75.59630237,8.0,0.07,4.5
175,34769.0,0.097173014,123700.0,15.66438974,4.0,0.075,2.4
176,34773.0,0.089371716,67700.0,15.66438974,2.0,0.075,2.4
177,35205.0,0.092191598,312400.0,37.62615492,2.0,0.1,3.0
178,35801.0,0.08107863500000001,240400.0,17.90019279,3.0,0.09,4.5
179,37027.0,0.08934881866666666,221200.0,42.28560165,20.0,0.0975,3.0
180,37040.0,0.09596084,59400.0,5.374067528,2.0,0.095,4.5
181,37167.0,0.08934881866666666,91100.0,42.28560165,1.0,0.0975,3.0
182,37208.0,0.08395846,421600.0,42.28560165,3.0,0.0925,2.25
183,37403.0,0.0825941555,232700.0,16.77929778,3.0,0.0925,3.0
184,37404.0,0.0825941555,91500.0,16.77929778,2.0,0.0925,3.0
185,37406.0,0.0825941555,55200.0,16.77929778,2.0,0.0925,3.0
186,37408.0,0.0825941555,232100.0,16.77929778,3.0,0.0925,3.0
187,37410.0,0.0825941555,63200.0,16.77929778,1.0,0.0925,3.0
188,37421.0,0.0825941555,72800.0,16.77929778,9.0,0.0925,3.0
189,37862.0,0.08986155366666666,53200.0,12.09572213,4.0,0.0975,3.0
190,40204.0,0.102169396,409700.0,43.53979947,1.0,0.06,2.4000000000000004
191,40205.0,0.102169396,317500.0,43.53979947,2.0,0.06,3.0
192,40206.0,0.102169396,289700.0,43.53979947,2.0,0.06,2.4000000000000004
193,40207.0,0.102169396,240300.0,43.53979947,3.0,0.06,3.0
194,40347.0,0.10370499150000001,95600.0,19.62926606,1.0,0.06,2.52
195,40507.0,0.105367236,561700.0,4.76052281,2.0,0.06,2.55
196,43201.0,0.140257487,493500.0,26.1408422,4.0,0.075,6.735
197,43212.0,0.140257487,701700.0,26.1408422,19.0,0.075,2.2
198,43617.0,0.100326084,84700.0,155.9473625,2.0,0.0775,9.0
199,44145.0,0.10008557600000001,170300.0,99.86686205,2.0,0.08,3.0
200,44240.0,0.08950478649999999,81800.0,23.87980923,2.0,0.07,8.0
201,44646.0,0.083117789,85000.0,23.87980923,1.0,0.065,3.0
202,44805.0,0.09153117520000001,48900.0,99.86686205,1.0,0.07,6.0
203,45069.0,0.06957764250000001,118900.0,23.01945369,5.0,0.078,3.0
204,46173.0,0.10855309033333334,41900.0,14.04577623,3.0,0.22,2.7
205,46203.0,0.131553668,91300.0,16.55191162,1.0,0.22,3.0
206,46304.0,0.135807288,105500.0,7.909932041,2.0,0.22,9.0
207,46410.0,0.135807288,71100.0,21.03986059,1.0,0.22,1.5
208,47130.0,0.0988876945,97800.0,43.53979947,1.0,0.22,3.0
209,48092.0,0.0688234135,115200.0,2.98704191,2.0,0.06,3.0
210,48098.0,0.0688234135,216000.0,2.98704191,2.0,0.06,2.4000000000000004
211,48103.0,0.0688234135,373800.0,155.9473625,3.0,0.06,1.5
212,48326.0,0.0688234135,117800.0,2.98704191,7.0,0.06,3.0
213,48335.0,0.0688234135,160100.0,30.88338578,2.0,0.06,2.4
214,48415.0,0.07207143425000001,18500.0,17.92189879,1.0,0.06,6.0
215,48917.0,0.10993965275,78800.0,10.81291556,1.0,0.06,3.0
216,49423.0,0.098996353,108000.0,11.00555881,8.0,0.06,4.0
217,49464.0,0.089241861,77000.0,11.00555881,15.0,0.06,4.0
218,50010.0,0.104542202,179300.0,5.398983559,4.0,0.07,1.98
219,53097.0,0.10967861749999999,122600.0,25.78053272,1.0,0.055,5.8
220,53211.0,0.116861707,627900.0,25.78053272,6.0,0.055,6.0
221,53532.0,0.10463444933333332,163700.0,33.16743954,1.0,0.055,4.5
222,53562.0,0.1110404765,331600.0,20.40103717,5.0,0.055,6.0
223,53703.0,0.113598355,963000.0,33.16743954,18.0,0.055,6.0
224,53704.0,0.1110404765,330800.0,33.16743954,13.0,0.055,6.0
225,53705.0,0.113598355,454000.0,33.16743954,4.0,0.055,9.8
226,53711.0,0.1110404765,371900.0,33.16743954,5.0,0.055,6.0
227,53716.0,0.113598355,244600.0,33.16743954,5.0,0.055,6.0
228,53718.0,0.1110404765,281000.0,33.16743954,5.0,0.055,6.0
229,53719.0,0.1110404765,317800.0,20.40103717,9.0,0.055,6.0
230,54304.0,0.092580841,121900.0,6.954721987,4.0,0.055,3.0
231,54914.0,0.116861707,127500.0,6.954721987,1.0,0.055,3.0
232,55008.0,0.1109749295,59900.0,5.678995619,1.0,0.07875,6.0
233,55040.0,0.10896464533333333,65000.0,9.403317264,1.0,0.07875,1.98
234,55057.0,0.10325292224999999,145900.0,17.36271531,5.0,0.07375,6.0
235,55102.0,0.104944077,426100.0,9.403317264,9.0,0.07875,3.0
236,55104.0,0.104944077,471500.0,9.403317264,7.0,0.07875,3.0
237,55109.0,0.104944077,212300.0,9.403317264,4.0,0.07875,1.5
238,55113.0,0.104944077,294800.0,9.403317264,4.0,0.08025,3.0
239,55119.0,0.104944077,191800.0,9.403317264,20.0,0.07875,4.188
240,55123.0,0.104944077,231800.0,9.403317264,3.0,0.07125,4.5
241,55330.0,0.1119567075,95600.0,51.50613679,3.0,0.07875,2.9699999999999998
242,55391.0,0.10357586499999999,475300.0,51.50613679,2.0,0.07525,3.0
243,55416.0,0.104944077,830200.0,9.403317264,7.0,0.08025,5.9399999999999995
244,55425.0,0.104944077,226000.0,9.403317264,2.0,0.07525,3.0
245,55430.0,0.104944077,174700.0,9.403317264,1.0,0.08025,3.0
246,55449.0,0.1063684935,258900.0,9.403317264,1.0,0.07375,1.98
247,55802.0,0.103248065,561500.0,0.756960177,2.0,0.08875,10.0
248,56001.0,0.10417931566666667,128500.0,84.9963481,4.0,0.07875,3.0
249,56073.0,0.11080583050000001,135200.0,84.9963481,1.0,0.07875,3.7800000000000002
250,59716.0,0.0718666715,374400.0,0.904527724,2.0,0.0,6.0
251,60004.0,0.06538408400000001,636100.0,73.70362386,1.0,0.1,1.5
252,60007.0,0.06538408400000001,467700.0,73.70362386,1.0,0.1025,1.5
253,60008.0,0.06538408400000001,405800.0,73.70362386,4.0,0.1,1.5
254,60045.0,0.06538408400000001,501200.0,73.70362386,3.0,0.08,3.0
255,60056.0,0.06538408400000001,542700.0,73.70362386,3.0,0.1025,1.5
256,60062.0,0.06538408400000001,730700.0,73.70362386,3.0,0.1,1.6
257,60068.0,0.06538408400000001,1109200.0,73.70362386,1.0,0.1025,3.0
258,60089.0,0.06538408400000001,549500.0,73.70362386,5.0,0.1,1.5
259,60090.0,0.06538408400000001,411200.0,73.70362386,3.0,0.1,1.5
260,60115.0,0.06538408400000001,97600.0,64.60064636,16.0,0.08,3.0
261,60123.0,0.06538408400000001,164500.0,73.70362386,4.0,0.085,3.0
262,60134.0,0.0956176098,353600.0,73.70362386,7.0,0.08,2.985
263,60188.0,0.06538408400000001,307200.0,73.70362386,1.0,0.0825,7.125
264,60202.0,0.06538408400000001,1254000.0,73.70362386,6.0,0.1025,7.92
265,60431.0,0.06538408400000001,145100.0,73.70362386,1.0,0.09,3.0
266,60453.0,0.06538408400000001,334900.0,73.70362386,5.0,0.1025,3.0
267,60510.0,0.0872142915,230800.0,73.70362386,1.0,0.0825,7.92
268,60515.0,0.06538408400000001,704800.0,73.70362386,6.0,0.08,5.0
269,60540.0,0.080824949,634200.0,73.70362386,2.0,0.0775,3.0
270,60605.0,0.06538408400000001,6473900.0,73.70362386,7.0,0.1025,2.8000000000000003
271,60607.0,0.06538408400000001,4096300.0,73.70362386,11.0,0.1025,3.0
272,60626.0,0.06538408400000001,1121400.0,73.70362386,1.0,0.1025,3.0
273,64014.0,0.09718399999999999,103500.0,2.698384115,12.0,0.096,4.515
274,64015.0,0.09718399999999999,101500.0,2.698384115,3.0,0.096,4.515
275,64029.0,0.09107803533333332,90400.0,2.698384115,3.0,0.096,4.515
276,64030.0,0.0946101575,51800.0,39.08764145,8.0,0.096,4.6049999999999995
277,64040.0,0.09543747333333334,26200.0,2.698384115,2.0,0.096,4.545
278,64050.0,0.108426968,46500.0,2.698384115,1.0,0.09225,4.875
279,64057.0,0.1016850835,72500.0,2.698384115,5.0,0.0935,5.025
280,64063.0,0.085941032,102100.0,2.698384115,3.0,0.0885,4.574999999999999
281,64064.0,0.09718399999999999,159500.0,2.698384115,7.0,0.09225,4.574999999999999
282,64067.0,0.0938027045,35000.0,2.698384115,8.0,0.0835,4.5
283,64068.0,0.0936135655,100400.0,2.698384115,8.0,0.1085,4.5600000000000005
284,64070.0,0.09543747333333334,47300.0,2.698384115,3.0,0.081,5.985
285,64075.0,0.085941032,64400.0,2.698384115,3.0,0.096,4.515
286,64080.0,0.09543747333333334,60400.0,2.698384115,3.0,0.091,4.695
287,64081.0,0.09107803533333332,134700.0,2.698384115,16.0,0.0985,4.574999999999999
288,64085.0,0.0947333535,36000.0,2.698384115,3.0,0.09225,4.53
289,64089.0,0.09231890066666666,98300.0,39.08764145,3.0,0.09475,4.5
290,64093.0,0.085941032,57400.0,2.698384115,8.0,0.09475,4.574999999999999
291,64108.0,0.101352042,335500.0,39.08764145,73.0,0.1085,4.620000000000001
292,64110.0,0.101352042,238300.0,39.08764145,7.0,0.1035,4.755
293,64111.0,0.101352042,353700.0,39.08764145,31.0,0.1085,4.755
294,64112.0,0.101352042,566800.0,39.08764145,16.0,0.1085,4.755
295,64114.0,0.101352042,175500.0,39.08764145,9.0,0.1035,4.755
296,64116.0,0.101352042,110400.0,39.08764145,21.0,0.0985,4.9125
297,64118.0,0.101352042,82800.0,39.08764145,14.0,0.10475,4.574999999999999
298,64119.0,0.101352042,92200.0,39.08764145,14.0,0.09725,4.574999999999999
299,64127.0,0.101352042,53300.0,39.08764145,12.0,0.0985,4.755
300,64129.0,0.108426968,38000.0,2.698384115,11.0,0.0885,4.755
301,64131.0,0.101352042,121300.0,39.08764145,8.0,0.0985,4.755
302,64132.0,0.101352042,39200.0,39.08764145,17.0,0.0885,4.755
303,64133.0,0.10157406966666667,53100.0,2.698384115,6.0,0.0985,4.755
304,64139.0,0.0946101575,98200.0,2.698384115,6.0,0.0885,4.755
305,64150.0,0.101352042,95900.0,39.08764145,14.0,0.0885,4.455
306,64153.0,0.09977058300000001,127300.0,39.08764145,35.0,0.0985,4.755
307,64154.0,0.09457718600000001,156100.0,39.08764145,11.0,0.0985,4.755
308,64156.0,0.09681349033333335,151700.0,39.08764145,3.0,0.0885,4.74
309,64468.0,0.087868273,54700.0,1.604917942,6.0,0.09475,4.5
310,64501.0,0.087868273,60900.0,1.604917942,15.0,0.107,4.574999999999999
311,64503.0,0.087868273,54700.0,1.604917942,9.0,0.102,4.574999999999999
312,64505.0,0.087868273,52000.0,1.604917942,3.0,0.102,3.96
313,64506.0,0.087868273,89600.0,1.604917942,7.0,0.102,4.574999999999999
314,64507.0,0.087868273,47600.0,1.604917942,9.0,0.092,4.574999999999999
315,64735.0,0.10225883475,33200.0,3.865683942,6.0,0.08175,4.485
316,64772.0,0.1011493145,18000.0,3.865683942,3.0,0.08225,4.5
317,64804.0,0.11064051899999999,37000.0,6.247755413,8.0,0.09975,2.67
318,64850.0,0.11064051899999999,19400.0,11.15098608,1.0,0.1035,2.67
319,65301.0,0.0954978135,38500.0,3.183764574,9.0,0.09225,4.485
320,65616.0,0.107433356,43900.0,3.999593855,7.0,0.1035,2.67
321,65721.0,0.09707606825000001,52200.0,3.999593855,1.0,0.1035,2.67
322,66061.0,0.1016375105,163800.0,39.08764145,13.0,0.11475,4.545
323,66062.0,0.1016375105,178700.0,39.08764145,28.0,0.10475,4.548
324,66202.0,0.10581221900000001,163200.0,39.08764145,22.0,0.10725,4.523999999999999
325,66203.0,0.10581221900000001,124700.0,39.08764145,7.0,0.09725,4.545
326,66204.0,0.10398959,152200.0,39.08764145,10.0,0.101,4.484999999999999
327,66205.0,0.10581221900000001,402300.0,39.08764145,9.0,0.11475,4.574999999999999
328,66209.0,0.10398959,271900.0,39.08764145,15.0,0.101,4.4399999999999995
329,66210.0,0.10398959,201700.0,39.08764145,41.0,0.0935,4.439999999999999
330,66211.0,0.10398959,350200.0,39.08764145,36.0,0.101,4.477499999999999
331,66212.0,0.10398959,167900.0,39.08764145,8.0,0.101,4.4399999999999995
332,66213.0,0.10398959,218200.0,39.08764145,23.0,0.101,4.4399999999999995
333,66214.0,0.10398959,182000.0,39.08764145,9.0,0.111,4.47
334,66215.0,0.10398959,183800.0,39.08764145,6.0,0.1035,4.53
335,66217.0,0.103636623,250700.0,39.08764145,6.0,0.096,4.545
336,66219.0,0.10398959,213200.0,39.08764145,24.0,0.1035,4.53
337,66223.0,0.10398959,239200.0,39.08764145,10.0,0.106,4.4399999999999995
338,66227.0,0.1016375105,172400.0,39.08764145,4.0,0.096,4.53
339,68028.0,0.08295205,115100.0,15.6364057,2.0,0.075,1.5
340,68064.0,0.08295205,169500.0,15.6364057,1.0,0.07,1.0
341,68434.0,0.08876189899999999,117400.0,19.61490511,3.0,0.07,2.0
342,68850.0,0.100955744,34500.0,0.480526675,2.0,0.07,2.0
343,72205.0,0.0864881,237300.0,3.840611276,3.0,0.08625,1.0
344,72209.0,0.0930483295,42200.0,3.840611276,4.0,0.08625,2.4749999999999996
345,76177.0,0.09436902750000001,230000.0,38.99804321,7.0,0.0825,3.0
346,78613.0,0.099329449,242100.0,18.95106669,10.0,0.0825,7.5
347,78636.0,0.09298018699999999,61000.0,50.9612937,2.0,0.0825,3.0
348,78640.0,0.0821948975,70500.0,50.9612937,6.0,0.0825,6.0
349,78641.0,0.1023058505,156900.0,18.95106669,5.0,0.0825,6.0
350,78654.0,0.10228134566666668,105900.0,18.95106669,2.0,0.0825,2.31
351,78665.0,0.120883663,210500.0,18.95106669,6.0,0.0825,6.0
352,78702.0,0.093376646,1509600.0,50.9612937,31.0,0.0825,6.0
353,78704.0,0.093376646,1839600.0,50.9612937,21.0,0.0825,6.0
354,78726.0,0.099329449,332400.0,50.9612937,3.0,0.0825,6.0
355,78727.0,0.10713015449999999,375300.0,50.9612937,4.0,0.0825,6.0
356,78729.0,0.10713015449999999,293800.0,50.9612937,6.0,0.0825,6.0
357,78738.0,0.088552342,326500.0,50.9612937,5.0,0.0825,6.0
358,78741.0,0.093376646,585800.0,50.9612937,20.0,0.0825,3.0
359,78744.0,0.0870192015,245500.0,50.9612937,14.0,0.0825,6.0
360,78745.0,0.093376646,501000.0,50.9612937,10.0,0.0825,6.0
361,78746.0,0.093376646,790100.0,50.9612937,27.0,0.0825,6.0
362,78753.0,0.093376646,284200.0,50.9612937,7.0,0.0825,6.0
363,78758.0,0.093376646,346400.0,50.9612937,46.0,0.0825,6.0
364,80026.0,0.105494482,654000.0,5.557113287,13.0,0.35855,5.0
365,80204.0,0.099560776,1000200.0,5.557113287,48.0,0.3581,6.165000000000001
366,80215.0,0.099560776,383900.0,5.557113287,5.0,0.35,5.175000000000001
367,80226.0,0.099560776,386300.0,5.557113287,8.0,0.3581,5.175000000000001
368,80228.0,0.099560776,571700.0,5.557113287,2.0,0.345,5.175000000000001
369,80237.0,0.099560776,608000.0,5.557113287,8.0,0.3581,4.5
370,80241.0,0.105494482,420600.0,5.557113287,10.0,0.3575,5.34
371,80301.0,0.10905662266666667,979100.0,5.557113287,49.0,0.35855,1.6960000000000002
372,80302.0,0.10905662266666667,1123300.0,5.557113287,40.0,0.35845,2.7
373,80303.0,0.105494482,854600.0,5.557113287,14.0,0.35845,2.5
374,80305.0,0.099560776,1971600.0,5.557113287,15.0,0.35845,10.5
375,80447.0,0.10744830450000001,203800.0,21.23559256,3.0,0.362,3.0
376,80487.0,0.11133594050000001,833700.0,0.196316401,9.0,0.354,4.755
377,80501.0,0.10303216325,487300.0,5.557113287,21.0,0.35515,2.95
378,80503.0,0.10303216325,434800.0,5.557113287,4.0,0.35845,2.0
379,80504.0,0.10303216325,369400.0,5.557113287,7.0,0.35515,2.0
380,80528.0,0.10416080033333334,396100.0,5.557113287,6.0,0.3465,0.99
381,80538.0,0.11134010500000001,313400.0,5.557113287,5.0,0.3465,1.98
382,80601.0,0.111428188,277700.0,5.557113287,7.0,0.3625,4.154999999999999
383,80603.0,0.105494482,163100.0,5.557113287,1.0,0.3625,2.9699999999999998
384,80621.0,0.111428188,144100.0,5.557113287,1.0,0.3465,4.949999999999999
385,80903.0,0.084987155,303100.0,62.65516752,10.0,0.352,3.39
386,81211.0,0.105092691,94300.0,54.67587764,4.0,0.3515,9.27
387,81301.0,0.11622049725,363500.0,1.860047263,20.0,0.364,5.1450000000000005
388,81631.0,0.099022919,260300.0,0.966105849,7.0,0.359,2.175
389,83616.0,0.073055022,241500.0,0.208368357,1.0,0.06,7.5
390,83709.0,0.073055022,191100.0,0.208368357,2.0,0.06,3.0
391,83713.0,0.073055022,269000.0,0.208368357,2.0,0.06,3.0
392,84020.0,0.08664796999999999,477100.0,11.10630294,34.0,0.0725,2.4
393,84025.0,0.081112542,343000.0,11.10630294,3.0,0.0725,4.0
394,84058.0,0.08527993349999999,405300.0,47.8543645,11.0,0.0725,1.185
395,84070.0,0.081112542,459000.0,11.10630294,35.0,0.0725,1.98
396,84111.0,0.081112542,900000.0,11.10630294,28.0,0.0775,1.9500000000000002
397,84115.0,0.081112542,627700.0,11.10630294,6.0,0.0775,0.99
398,84116.0,0.081112542,390300.0,11.10630294,25.0,0.0775,9.795
399,84119.0,0.081112542,314900.0,11.10630294,21.0,0.0775,0.99
400,84321.0,0.08526703399999999,164600.0,0.707492637,5.0,0.07,3.0
401,85003.0,0.0984160345,754000.0,56.58734534,2.0,0.086,4.5
402,85004.0,0.0984160345,498200.0,56.58734534,15.0,0.086,4.125
403,85007.0,0.0984160345,486500.0,56.58734534,11.0,0.086,4.5
404,85016.0,0.0984160345,647800.0,2.09216958,7.0,0.086,3.0
405,85022.0,0.106665508,361100.0,2.09216958,6.0,0.086,4.5
406,85234.0,0.08513239650000001,312900.0,56.58734534,5.0,0.083,5.97
407,85250.0,0.0984160345,730400.0,2.09216958,3.0,0.088,3.0
408,85254.0,0.106665508,443400.0,2.09216958,12.0,0.086,4.47
409,85255.0,0.0984160345,592300.0,2.09216958,9.0,0.086,4.5
410,85260.0,0.0984160345,488500.0,2.09216958,16.0,0.0805,4.02
411,85718.0,0.1253686635,198400.0,19.6234941,1.0,0.087,6.0
412,86004.0,0.1267920445,311900.0,0.593250529,8.0,0.09181,3.0
413,87106.0,0.11380424,455200.0,29.11370255,11.0,0.0775,4.5600000000000005
414,87505.0,0.11380424,307200.0,1.380212799,16.0,0.083125,3.0
415,89011.0,0.049467422999999996,378500.0,3.497607948,1.0,0.08375,5.699999999999999
416,89169.0,0.049467422999999996,266300.0,3.497607948,7.0,0.08375,3.0
417,89183.0,0.049467422999999996,333500.0,3.497607948,1.0,0.08375,4.5
418,89502.0,0.047846374,305600.0,21.08842976,20.0,0.08265,7.92
419,90277.0,0.1144098215,6526300.0,98.41591895,6.0,0.22,8.895
420,93101.0,0.1144098215,3126700.0,29.90235838,20.0,0.2125,6.0
421,93901.0,0.19526342149999998,1356300.0,125.2839303,6.0,0.2175,3.0
422,93950.0,0.19526342149999998,4447600.0,125.2839303,9.0,0.2175,3.472
423,94115.0,0.145909859,30026800.0,82.13388047,3.0,0.21125,5.86
424,94303.0,0.18378552866666667,8437500.0,125.2839303,7.0,0.22375,4.5600000000000005
425,94402.0,0.19526342149999998,6140300.0,82.13388047,15.0,0.22125,3.0
426,94568.0,0.19526342149999998,2513300.0,82.13388047,20.0,0.2275,6.0
427,94588.0,0.19526342149999998,2693600.0,82.13388047,54.0,0.2325,3.2
428,94596.0,0.19526342149999998,1650100.0,82.13388047,17.0,0.2125,3.0
429,94931.0,0.19526342149999998,668600.0,57.11757781,5.0,0.22,1.5
430,94952.0,0.19526342149999998,892000.0,57.11757781,12.0,0.22,3.0
431,95008.0,0.19526342149999998,4584600.0,125.2839303,35.0,0.21875,5.9
432,95023.0,0.19526342149999998,735600.0,17.01596331,8.0,0.2175,3.3600000000000003
433,95050.0,0.18535248133333335,4484700.0,125.2839303,36.0,0.21875,9.0
434,95603.0,0.19526342149999998,238300.0,3.606238302,16.0,0.1975,4.5
435,96707.0,0.268402289,2442000.0,29.36939049,28.0,0.045,12.5
436,96720.0,0.348754669,359200.0,0.446162374,9.0,0.045,10.89
437,96761.0,0.348054661,1645200.0,0.283095138,2.0,0.04,9.54
438,96762.0,0.268402289,1992400.0,0.283095138,2.0,0.045,0.8999999999999999
439,96782.0,0.268402289,2751900.0,29.36939049,2.0,0.045,9.120000000000001
440,96793.0,0.348054661,1115900.0,0.283095138,1.0,0.04,7.0
441,96797.0,0.268402289,2960800.0,29.36939049,9.0,0.045,6.0
442,96813.0,0.268402289,3732700.0,29.36939049,13.0,0.045,6.5
443,97005.0,0.063331162,725700.0,75.3360558,6.0,0.0,5.0
444,97035.0,0.063331162,871200.0,75.3360558,2.0,0.0,3.0
445,97071.0,0.063331162,287600.0,75.3360558,4.0,0.0,5.0
446,97123.0,0.063331162,559500.0,75.3360558,17.0,0.0,3.0
447,97124.0,0.063331162,625000.0,8.394904991,14.0,0.0,3.0
448,97203.0,0.063331162,1150900.0,8.394904991,4.0,0.0,9.0
449,97205.0,0.063331162,1939000.0,8.394904991,6.0,0.0,4.0
450,97210.0,0.063331162,1897100.0,8.394904991,3.0,0.0,4.0
451,97217.0,0.063331162,1475900.0,8.394904991,15.0,0.0,5.9
452,97222.0,0.063331162,468300.0,75.3360558,1.0,0.0,3.0
453,97229.0,0.063331162,928100.0,8.394904991,1.0,0.0,5.9399999999999995
454,97232.0,0.063331162,2279800.0,8.394904991,9.0,0.0,4.2
455,97301.0,0.07185572,264100.0,75.3360558,18.0,0.0,8.5
456,97302.0,0.07185572,269400.0,75.3360558,6.0,0.0,3.0
457,97351.0,0.069235344,187900.0,75.3360558,3.0,0.0,3.0
458,97420.0,0.0800830825,120600.0,3.63622106,1.0,0.0,3.0
459,97836.0,0.06513687,71900.0,1.42664144,1.0,0.0,0.36
460,98004.0,0.077228413,2608600.0,1.091698699,85.0,0.102,5.694444444444445
461,98005.0,0.0645309945,1093500.0,1.091698699,37.0,0.102,37.5
462,98006.0,0.0645309945,1418500.0,1.091698699,5.0,0.101,5.9399999999999995
463,98008.0,0.0645309945,1508900.0,1.091698699,4.0,0.101,3.0
464,98011.0,0.07259745,845200.0,1.091698699,16.0,0.105,6.0
465,98027.0,0.0645309945,529500.0,6.710881471,7.0,0.101,5.5
466,98034.0,0.077228413,1160700.0,1.091698699,5.0,0.102,1.7999999999999998
467,98040.0,0.077228413,2308600.0,1.091698699,8.0,0.101,3.0
468,98052.0,0.0645309945,1192400.0,1.091698699,9.0,0.102,4.5
469,98057.0,0.0645309945,718800.0,6.710881471,19.0,0.101,1.5
470,98075.0,0.0645309945,895000.0,1.091698699,4.0,0.101,3.0
471,98105.0,0.10262325,3688600.0,1.091698699,10.0,0.1025,6.0
472,98109.0,0.10262325,4583300.0,1.091698699,52.0,0.1025,4.5
473,98110.0,0.0645309945,399000.0,18.38059985,4.0,0.092,3.9
474,98144.0,0.10262325,2808300.0,1.091698699,2.0,0.1025,0.23
475,98166.0,0.0645309945,643600.0,6.710881471,11.0,0.101,2.0
476,98188.0,0.0645309945,438200.0,6.710881471,15.0,0.101,2.5
477,98198.0,0.0645309945,499300.0,6.710881471,2.0,0.101,3.0
478,98223.0,0.07259745,197400.0,1.091698699,4.0,0.094,5.5
479,98225.0,0.0645309945,644000.0,0.6959871599999999,7.0,0.088,2.25
480,98226.0,0.0645309945,327800.0,0.6959871599999999,2.0,0.088,6.0
481,98257.0,0.0645309945,364600.0,18.38059985,1.0,0.086,3.0
482,98273.0,0.07259745,202900.0,1.091698699,7.0,0.088,2.9899999999999998
483,98275.0,0.088730361,839200.0,1.091698699,1.0,0.106,1.5
484,98402.0,0.093328167,646500.0,6.710881471,12.0,0.103,4.5
485,98409.0,0.094267639,322800.0,6.710881471,12.0,0.103,5.25
486,98502.0,0.08103543475,212300.0,152.6304148,7.0,0.094,9.705
487,98631.0,0.085097392,138700.0,4.089554527,1.0,0.083,4.949999999999999
