name,id,data
98001,98001,
98002,98002,
98003,98003,
98004,98004,
98005,98005,
98006,98006,
98007,98007,
98008,98008,
98010,98010,
98011,98011,
98012,98012,
98014,98014,
98019,98019,
98020,98020,
98021,98021,
98022,98022,
98023,98023,
98024,98024,
98026,98026,
98027,98027,
98028,98028,
98029,98029,
98030,98030,
98031,98031,
98032,98032,
98033,98033,
98034,98034,
98036,98036,
98037,98037,
98038,98038,
98039,98039,
98040,98040,
98042,98042,
98043,98043,
98045,98045,
98047,98047,
98050,98050,
98051,98051,
98052,98052,
98053,98053,
98055,98055,
98056,98056,
98057,98057,
98058,98058,
98059,98059,
98065,98065,
98068,98068,
98070,98070,
98072,98072,
98074,98074,
98075,98075,
98077,98077,
98087,98087,
98092,98092,
98101,98101,
98102,98102,
98103,98103,
98104,98104,
98105,98105,
98106,98106,
98107,98107,
98108,98108,
98109,98109,
98110,98110,
98112,98112,
98115,98115,
98116,98116,
98117,98117,
98118,98118,
98119,98119,
98121,98121,
98122,98122,
98125,98125,
98126,98126,
98133,98133,
98134,98134,
98136,98136,
98144,98144,
98146,98146,
98148,98148,
98154,98154,
98155,98155,
98158,98158,
98166,98166,
98168,98168,
98177,98177,
98178,98178,
98188,98188,
98198,98198,
98199,98199,
98201,98201,
98203,98203,
98204,98204,
98207,98207,
98208,98208,
98220,98220,
98221,98221,
98222,98222,
98223,98223,
98224,98224,
98225,98225,
98226,98226,
98229,98229,
98230,98230,
98232,98232,
98233,98233,
98236,98236,
98237,98237,
98238,98238,
98239,98239,
98240,98240,
98241,98241,
98243,98243,
98244,98244,
98245,98245,
98247,98247,
98248,98248,
98249,98249,
98250,98250,
98251,98251,
98252,98252,
98253,98253,
98255,98255,
98256,98256,
98257,98257,
98258,98258,
98260,98260,
98261,98261,
98262,98262,
98263,98263,
98264,98264,
98266,98266,
98267,98267,
98270,98270,
98271,98271,
98272,98272,
98273,98273,
98274,98274,
98275,98275,
98277,98277,
98278,98278,
98279,98279,
98280,98280,
98281,98281,
98282,98282,
98283,98283,
98284,98284,
98286,98286,
98288,98288,
98290,98290,
98292,98292,
98294,98294,
98295,98295,
98296,98296,
98297,98297,
98303,98303,
98304,98304,
98305,98305,
98310,98310,
98311,98311,
98312,98312,
98314,98314,
98315,98315,
98320,98320,
98321,98321,
98323,98323,
98325,98325,
98326,98326,
98327,98327,
98328,98328,
98329,98329,
98330,98330,
98331,98331,
98332,98332,
98333,98333,
98335,98335,
98336,98336,
98337,98337,
98338,98338,
98339,98339,
98340,98340,
98342,98342,
98345,98345,
98346,98346,
98349,98349,
98350,98350,
98351,98351,
98353,98353,
98354,98354,
98355,98355,
98356,98356,
98357,98357,
98358,98358,
98359,98359,
98360,98360,
98361,98361,
98362,98362,
98363,98363,
98364,98364,
98365,98365,
98366,98366,
98367,98367,
98368,98368,
98370,98370,
98371,98371,
98372,98372,
98373,98373,
98374,98374,
98375,98375,
98376,98376,
98377,98377,
98380,98380,
98381,98381,
98382,98382,
98383,98383,
98385,98385,
98387,98387,
98388,98388,
98390,98390,
98391,98391,
98392,98392,
98394,98394,
98396,98396,
98402,98402,
98403,98403,
98404,98404,
98405,98405,
98406,98406,
98407,98407,
98408,98408,
98409,98409,
98416,98416,
98418,98418,
98421,98421,
98422,98422,
98424,98424,
98430,98430,
98433,98433,
98438,98438,
98439,98439,
98443,98443,
98444,98444,
98445,98445,
98446,98446,
98465,98465,
98466,98466,
98467,98467,
98498,98498,
98499,98499,
98501,98501,
98502,98502,
98503,98503,
98506,98506,
98512,98512,
98513,98513,
98516,98516,
98520,98520,
98524,98524,
98526,98526,
98527,98527,
98528,98528,
98530,98530,
98531,98531,
98532,98532,
98533,98533,
98535,98535,
98536,98536,
98537,98537,
98538,98538,
98541,98541,
98542,98542,
98546,98546,
98547,98547,
98548,98548,
98550,98550,
98552,98552,
98555,98555,
98557,98557,
98558,98558,
98560,98560,
98562,98562,
98563,98563,
98564,98564,
98565,98565,
98568,98568,
98569,98569,
98570,98570,
98571,98571,
98572,98572,
98575,98575,
98576,98576,
98577,98577,
98579,98579,
98580,98580,
98581,98581,
98582,98582,
98583,98583,
98584,98584,
98585,98585,
98586,98586,
98587,98587,
98588,98588,
98589,98589,
98590,98590,
98591,98591,
98592,98592,
98593,98593,
98595,98595,
98596,98596,
98597,98597,
98601,98601,
98602,98602,
98603,98603,
98604,98604,
98605,98605,
98606,98606,
98607,98607,
98610,98610,
98611,98611,
98612,98612,
98613,98613,
98614,98614,
98616,98616,
98617,98617,
98619,98619,
98620,98620,
98621,98621,
98624,98624,
98625,98625,
98626,98626,
98628,98628,
98629,98629,
98631,98631,
98632,98632,
98635,98635,
98638,98638,
98639,98639,
98640,98640,
98642,98642,
98643,98643,
98644,98644,
98645,98645,
98647,98647,
98648,98648,
98649,98649,
98650,98650,
98651,98651,
98660,98660,
98661,98661,
98662,98662,
98663,98663,
98664,98664,
98665,98665,
98670,98670,
98671,98671,
98672,98672,
98673,98673,
98674,98674,
98675,98675,
98682,98682,
98683,98683,
98684,98684,
98685,98685,
98686,98686,
98801,98801,
98802,98802,
98811,98811,
98812,98812,
98813,98813,
98814,98814,
98815,98815,
98816,98816,
98817,98817,
98819,98819,
98821,98821,
98822,98822,
98823,98823,
98824,98824,
98826,98826,
98827,98827,
98828,98828,
98829,98829,
98830,98830,
98831,98831,
98832,98832,
98833,98833,
98834,98834,
98836,98836,
98837,98837,
98840,98840,
98841,98841,
98843,98843,
98844,98844,
98845,98845,
98846,98846,
98847,98847,
98848,98848,
98849,98849,
98850,98850,
98851,98851,
98852,98852,
98853,98853,
98855,98855,
98856,98856,
98857,98857,
98858,98858,
98859,98859,
98860,98860,
98862,98862,
98901,98901,
98902,98902,
98903,98903,
98908,98908,
98922,98922,
98923,98923,
98925,98925,
98926,98926,
98930,98930,
98932,98932,
98933,98933,
98934,98934,
98935,98935,
98936,98936,
98937,98937,
98938,98938,
98939,98939,
98940,98940,
98941,98941,
98942,98942,
98943,98943,
98944,98944,
98946,98946,
98947,98947,
98948,98948,
98950,98950,
98951,98951,
98952,98952,
98953,98953,
99001,99001,
99003,99003,
99004,99004,
99005,99005,
99006,99006,
99008,99008,
99009,99009,
99011,99011,
99012,99012,
99013,99013,
99016,99016,
99017,99017,
99018,99018,
99019,99019,
99021,99021,
99022,99022,
99023,99023,
99025,99025,
99026,99026,
99027,99027,
99029,99029,
99030,99030,
99031,99031,
99032,99032,
99033,99033,
99034,99034,
99036,99036,
99037,99037,
99039,99039,
99040,99040,
99101,99101,
99102,99102,
99103,99103,
99105,99105,
99109,99109,
99110,99110,
99111,99111,
99113,99113,
99114,99114,
99115,99115,
99116,99116,
99117,99117,
99118,99118,
99119,99119,
99121,99121,
99122,99122,
99123,99123,
99124,99124,
99125,99125,
99126,99126,
99128,99128,
99129,99129,
99130,99130,
99131,99131,
99133,99133,
99134,99134,
99135,99135,
99136,99136,
99137,99137,
99138,99138,
99139,99139,
99140,99140,
99141,99141,
99143,99143,
99144,99144,
99146,99146,
99147,99147,
99148,99148,
99149,99149,
99150,99150,
99152,99152,
99153,99153,
99154,99154,
99155,99155,
99156,99156,
99157,99157,
99158,99158,
99159,99159,
99160,99160,
99161,99161,
99163,99163,
99166,99166,
99167,99167,
99169,99169,
99170,99170,
99171,99171,
99173,99173,
99176,99176,
99179,99179,
99180,99180,
99181,99181,
99185,99185,
99201,99201,
99202,99202,
99203,99203,
99204,99204,
99205,99205,
99206,99206,
99207,99207,
99208,99208,
99212,99212,
99216,99216,
99217,99217,
99218,99218,
99223,99223,
99224,99224,
99301,99301,
99320,99320,
99321,99321,
99322,99322,
99323,99323,
99324,99324,
99326,99326,
99328,99328,
99329,99329,
99330,99330,
99333,99333,
99335,99335,
99336,99336,
99337,99337,
99338,99338,
99341,99341,
99343,99343,
99344,99344,
99345,99345,
99346,99346,
99347,99347,
99348,99348,
99349,99349,
99350,99350,
99352,99352,
99353,99353,
99354,99354,
99356,99356,
99357,99357,
99359,99359,
99360,99360,
99361,99361,
99362,99362,
99363,99363,
99371,99371,
99401,99401,
99402,99402,
99403,99403,
WA,WA,
